Timestamp,age,Gender,Purchase_Frequency,Purchase_Categories,Personalized_Recommendation_Frequency,Browsing_Frequency,Product_Search_Method,Search_Result_Exploration,Customer_Reviews_Importance,Add_to_Cart_Browsing,Cart_Completion_Frequency,Cart_Abandonment_Factors,Saveforlater_Frequency,Review_Left,Review_Reliability,Review_Helpfulness,Recommendation_Frequency_Score,Recommendation_Helpfulness,Rating_Accuracy,Shopping_Satisfaction,Service_Appreciation,Improvement_Areas,transaction,Purchase_Categories_List
2023-06-07 23:06:40,59,Other,Once a week,Beauty and Personal Care,Yes,Few times a month,Other,Multiple pages,4,Yes,Rarely,Other,Always,Yes,Rarely,No,1,Yes,3,3,Customer service,User interface of app,433348,['Beauty and Personal Care']
2023-06-06 19:08:47,48,Female,Once a month,Beauty and Personal Care;Clothing and Fashion;Home and Kitchen,Sometimes,Rarely,Category Browsing,Multiple pages,1,Maybe,Often,Changed my mind or no longer need the item,Always,No,Never,Sometimes,1,No,5,2,Not specified,Not specified,735054,"['Beauty and Personal Care', 'Clothing and Fashion', 'Home and Kitchen']"
2023-06-08 21:39:30,57,Prefer not to say,Multiple times a week,Groceries and Gourmet Food,Sometimes,Rarely,Keyword Search,First page,2,Yes,Never,Changed my mind or no longer need the item,Sometimes,Yes,Rarely,No,5,Sometimes,3,3,Customer service,Product quality and accuracy,119350,['Groceries and Gourmet Food']
2023-06-07 21:22:24,30,Other,Few times a month,Groceries and Gourmet Food;Beauty and Personal Care;Clothing and Fashion,No,Few times a month,Other,Multiple pages,2,Maybe,Sometimes,Changed my mind or no longer need the item,Never,Yes,Rarely,Sometimes,4,Sometimes,4,5,Customer service,Not specified,180686,"['Groceries and Gourmet Food', 'Beauty and Personal Care', 'Clothing and Fashion']"
2023-06-06 19:21:26,51,Female,Once a month,Groceries and Gourmet Food;Beauty and Personal Care;Clothing and Fashion;Home and Kitchen,No,Few times a month,Filter,First page,5,No,Never,Changed my mind or no longer need the item,Sometimes,Yes,Moderately,Sometimes,1,Yes,3,1,Not specified,I don't have any problem with Amazon,538184,"['Groceries and Gourmet Food', 'Beauty and Personal Care', 'Clothing and Fashion', 'Home and Kitchen']"
2023-06-04 23:27:53,33,Female,Multiple times a week,Groceries and Gourmet Food;Beauty and Personal Care;Clothing and Fashion;Home and Kitchen;others,Yes,Few times a month,Category Browsing,Multiple pages,3,No,Often,Other,Rarely,Yes,Occasionally,Sometimes,5,Sometimes,4,4,Customer service,Customer service responsiveness,116480,"['Groceries and Gourmet Food', 'Beauty and Personal Care', 'Clothing and Fashion', 'Home and Kitchen', 'Other']"
2023-06-06 19:40:53,10,Male,Once a month,Groceries and Gourmet Food;Clothing and Fashion;Home and Kitchen,Sometimes,Few times a week,Not specified,Multiple pages,5,Maybe,Rarely,Found a better price elsewhere,Always,No,Rarely,Sometimes,1,Yes,3,2,Wide product selection,Nil,445746,"['Groceries and Gourmet Food', 'Clothing and Fashion', 'Home and Kitchen']"
2023-06-06 17:16:58,30,Male,Once a week,Groceries and Gourmet Food;Beauty and Personal Care;others,No,Few times a month,Category Browsing,First page,2,Yes,Always,Other,Always,No,Occasionally,Sometimes,1,Sometimes,5,2,Wide product selection,No problems with Amazon,372797,"['Groceries and Gourmet Food', 'Beauty and Personal Care', 'Other']"
2023-06-08 21:39:55,8,Female,Once a month,Clothing and Fashion,Sometimes,Few times a week,Filter,First page,3,Yes,Rarely,High shipping costs,Rarely,No,Never,Yes,5,Sometimes,1,2,All the above,No problems with Amazon,571022,['Clothing and Fashion']
2023-06-11 23:10:14,11,Female,Once a week,Clothing and Fashion,Yes,Few times a month,Category Browsing,Multiple pages,3,Yes,Sometimes,Found a better price elsewhere,Sometimes,Yes,Heavily,No,3,No,2,3,Customer service,Irrelevant product suggestions,952835,['Clothing and Fashion']
2023-06-07 22:10:58,28,Other,Less than once a month,Beauty and Personal Care;Clothing and Fashion;Home and Kitchen;others,Sometimes,Multiple times a day,Keyword Search,First page,5,Yes,Often,Found a better price elsewhere,Often,Yes,Rarely,Sometimes,5,Sometimes,4,4,Customer service,Customer service responsiveness,797322,"['Beauty and Personal Care', 'Clothing and Fashion', 'Home and Kitchen', 'Other']"
2023-06-09 09:35:57,15,Other,Once a month,Clothing and Fashion;Home and Kitchen,Yes,Few times a month,Not specified,First page,3,Maybe,Often,Found a better price elsewhere,Sometimes,No,Never,No,4,Yes,5,3,User-friendly website/app interface,better app interface and lower shipping charges,252740,"['Clothing and Fashion', 'Home and Kitchen']"
2023-06-09 09:33:35,7,Other,Multiple times a week,others,Sometimes,Multiple times a day,Not specified,First page,3,Yes,Often,Changed my mind or no longer need the item,Rarely,Yes,Rarely,Sometimes,5,Yes,5,5,Quick delivery,Shipping speed and reliability,785442,['Other']
2023-06-08 17:15:27,48,Male,Multiple times a week,Groceries and Gourmet Food;Beauty and Personal Care;Clothing and Fashion,Yes,Few times a week,Other,First page,5,Maybe,Often,Found a better price elsewhere,Sometimes,Yes,Heavily,Sometimes,3,Sometimes,5,5,Competitive prices,Nothing,769031,"['Groceries and Gourmet Food', 'Beauty and Personal Care', 'Clothing and Fashion']"
2023-06-09 08:10:05,15,Female,Few times a month,Beauty and Personal Care;Clothing and Fashion,Sometimes,Few times a week,Category Browsing,First page,4,Yes,Often,Other,Never,Yes,Never,Sometimes,3,No,4,5,Customer service,I have no problem with Amazon yet. But others tell me about the refund issues,397056,"['Beauty and Personal Care', 'Clothing and Fashion']"
2023-06-07 11:41:56,58,Male,Once a week,Groceries and Gourmet Food;Clothing and Fashion;others,No,Rarely,Category Browsing,Multiple pages,4,Yes,Always,Changed my mind or no longer need the item,Always,Yes,Rarely,Sometimes,3,No,4,2,Product recommendations,Shipping speed and reliability,757928,"['Groceries and Gourmet Food', 'Clothing and Fashion', 'Other']"
2023-06-08 17:27:22,31,Female,Once a month,Groceries and Gourmet Food;Beauty and Personal Care;Clothing and Fashion;Home and Kitchen,Yes,Multiple times a day,Not specified,Multiple pages,1,No,Rarely,Other,Sometimes,Yes,Never,Yes,3,Sometimes,4,4,Competitive prices,Not specified,542620,"['Groceries and Gourmet Food', 'Beauty and Personal Care', 'Clothing and Fashion', 'Home and Kitchen']"
2023-06-04 20:00:11,60,Other,Once a week,Clothing and Fashion;Home and Kitchen;others,No,Few times a week,Other,First page,4,Yes,Sometimes,Found a better price elsewhere,Often,No,Never,No,4,Sometimes,3,4,Customer service,I have no problem with Amazon yet. But others tell me about the refund issues,701440,"['Clothing and Fashion', 'Home and Kitchen', 'Other']"
2023-06-09 14:51:07,51,Prefer not to say,Less than once a month,Groceries and Gourmet Food;Beauty and Personal Care;Clothing and Fashion;Home and Kitchen;others,No,Few times a month,Keyword Search,First page,5,Yes,Rarely,High shipping costs,Always,Yes,Rarely,No,1,Sometimes,3,3,Quick delivery,I don't have any problem with Amazon,119213,"['Groceries and Gourmet Food', 'Beauty and Personal Care', 'Clothing and Fashion', 'Home and Kitchen', 'Other']"
2023-06-08 17:35:01,56,Male,Multiple times a week,Clothing and Fashion;Home and Kitchen;others,Sometimes,Few times a week,Keyword Search,Multiple pages,3,No,Often,Found a better price elsewhere,Always,No,Moderately,No,3,Sometimes,3,3,Not specified,No problems with Amazon,774345,"['Clothing and Fashion', 'Home and Kitchen', 'Other']"
2023-06-08 03:23:58,28,Male,Less than once a month,Groceries and Gourmet Food;Beauty and Personal Care;Clothing and Fashion;Home and Kitchen,No,Few times a month,Category Browsing,First page,3,Yes,Rarely,Found a better price elsewhere,Rarely,No,Rarely,Yes,1,No,2,4,All the above,Customer service responsiveness,133335,"['Groceries and Gourmet Food', 'Beauty and Personal Care', 'Clothing and Fashion', 'Home and Kitchen']"
2023-06-06 20:56:17,10,Prefer not to say,Less than once a month,Groceries and Gourmet Food;Beauty and Personal Care;Clothing and Fashion;Home and Kitchen;others,Sometimes,Few times a week,Other,Multiple pages,5,No,Sometimes,Found a better price elsewhere,Rarely,No,Never,Sometimes,2,Sometimes,5,2,Customer service,Shipping speed and reliability,886529,"['Groceries and Gourmet Food', 'Beauty and Personal Care', 'Clothing and Fashion', 'Home and Kitchen', 'Other']"
2023-06-11 23:15:03,11,Female,Less than once a month,Groceries and Gourmet Food;Beauty and Personal Care;Clothing and Fashion;Home and Kitchen,No,Rarely,Other,Multiple pages,5,No,Always,Other,Never,Yes,Moderately,No,5,No,4,4,Not specified,I don't have any problem with Amazon,362553,"['Groceries and Gourmet Food', 'Beauty and Personal Care', 'Clothing and Fashion', 'Home and Kitchen']"
2023-06-06 18:38:45,44,Female,Once a week,Beauty and Personal Care;Clothing and Fashion;Home and Kitchen,Sometimes,Multiple times a day,Keyword Search,First page,2,No,Never,High shipping costs,Sometimes,Yes,Never,No,3,Yes,2,4,Competitive prices,Nil,371416,"['Beauty and Personal Care', 'Clothing and Fashion', 'Home and Kitchen']"
2023-06-09 10:23:05,54,Male,Few times a month,Home and Kitchen;others,Yes,Few times a month,Keyword Search,First page,1,Maybe,Always,High shipping costs,Sometimes,Yes,Moderately,No,2,Sometimes,4,4,Not specified,Not specified,738929,"['Home and Kitchen', 'Other']"
2023-06-11 23:20:18,40,Other,Less than once a month,Beauty and Personal Care;Clothing and Fashion,No,Few times a month,Filter,Multiple pages,4,Yes,Always,High shipping costs,Sometimes,No,Heavily,No,4,Yes,3,2,Quick delivery,Shipping speed and reliability,608249,"['Beauty and Personal Care', 'Clothing and Fashion']"
2023-06-10 14:41:51,52,Prefer not to say,Multiple times a week,Groceries and Gourmet Food;Beauty and Personal Care;Clothing and Fashion;Home and Kitchen;others,Sometimes,Few times a week,Other,First page,2,No,Always,Found a better price elsewhere,Always,Yes,Heavily,Sometimes,5,Sometimes,2,5,Wide product selection,better app interface and lower shipping charges,749594,"['Groceries and Gourmet Food', 'Beauty and Personal Care', 'Clothing and Fashion', 'Home and Kitchen', 'Other']"
2023-06-04 22:37:00,13,Female,Once a week,Groceries and Gourmet Food;Beauty and Personal Care;Clothing and Fashion;Home and Kitchen,Sometimes,Few times a week,Other,First page,5,No,Rarely,Changed my mind or no longer need the item,Sometimes,Yes,Moderately,No,1,No,3,2,Customer service,Not specified,613645,"['Groceries and Gourmet Food', 'Beauty and Personal Care', 'Clothing and Fashion', 'Home and Kitchen']"
2023-06-08 20:26:58,20,Female,Few times a month,Clothing and Fashion;Home and Kitchen;others,Sometimes,Few times a month,Not specified,Multiple pages,1,Yes,Often,High shipping costs,Always,No,Occasionally,No,5,Sometimes,5,3,Customer service,UI,742772,"['Clothing and Fashion', 'Home and Kitchen', 'Other']"
2023-06-07 22:10:26,15,Other,Once a month,Groceries and Gourmet Food;Beauty and Personal Care;Home and Kitchen,Yes,Few times a week,Other,Multiple pages,3,Yes,Never,Other,Rarely,Yes,Rarely,Yes,2,Sometimes,1,5,Quick delivery,No problems with Amazon,263120,"['Groceries and Gourmet Food', 'Beauty and Personal Care', 'Home and Kitchen']"
2023-06-08 03:24:37,17,Prefer not to say,Less than once a month,Groceries and Gourmet Food;Beauty and Personal Care,Yes,Few times a week,Keyword Search,Multiple pages,5,No,Always,Changed my mind or no longer need the item,Never,No,Never,No,4,Sometimes,1,2,Wide product selection,Irrelevant product suggestions,772342,"['Groceries and Gourmet Food', 'Beauty and Personal Care']"
2023-06-07 18:20:53,27,Male,Once a week,Groceries and Gourmet Food;Beauty and Personal Care;Clothing and Fashion;Home and Kitchen,Yes,Multiple times a day,Not specified,Multiple pages,5,Maybe,Never,Other,Always,Yes,Heavily,Yes,1,No,3,1,Customer service,User interface of app,217285,"['Groceries and Gourmet Food', 'Beauty and Personal Care', 'Clothing and Fashion', 'Home and Kitchen']"
2023-06-07 14:19:05,10,Prefer not to say,Once a month,Groceries and Gourmet Food;Clothing and Fashion;Home and Kitchen;others,No,Few times a week,Other,Multiple pages,4,No,Always,High shipping costs,Always,Yes,Never,Yes,5,No,4,3,Not specified,Nothing,429736,"['Groceries and Gourmet Food', 'Clothing and Fashion', 'Home and Kitchen', 'Other']"
2023-06-08 22:40:33,57,Prefer not to say,Multiple times a week,Groceries and Gourmet Food;Beauty and Personal Care,No,Multiple times a day,Category Browsing,Multiple pages,5,Yes,Never,Changed my mind or no longer need the item,Rarely,Yes,Moderately,Yes,4,Sometimes,4,3,Wide product selection,Quality of product is very poor according to the big offers,703143,"['Groceries and Gourmet Food', 'Beauty and Personal Care']"
2023-06-05 13:35:41,51,Other,Less than once a month,Groceries and Gourmet Food;Clothing and Fashion;Home and Kitchen,No,Multiple times a day,Filter,Multiple pages,1,Yes,Often,High shipping costs,Rarely,No,Moderately,No,4,Yes,5,5,Wide product selection,Scrolling option would be much better than going to next page,226150,"['Groceries and Gourmet Food', 'Clothing and Fashion', 'Home and Kitchen']"
2023-06-06 14:07:12,30,Prefer not to say,Once a week,Beauty and Personal Care;Clothing and Fashion;others,No,Multiple times a day,Not specified,First page,2,No,Often,Other,Always,Yes,Moderately,Yes,2,Yes,4,5,User-friendly website/app interface,Customer service responsiveness,686637,"['Beauty and Personal Care', 'Clothing and Fashion', 'Other']"
2023-06-08 03:28:23,54,Prefer not to say,Once a month,Beauty and Personal Care;Clothing and Fashion;others,Sometimes,Rarely,Other,Multiple pages,4,Maybe,Often,High shipping costs,Rarely,No,Occasionally,Sometimes,5,Yes,4,5,User-friendly website/app interface,Nil,724960,"['Beauty and Personal Care', 'Clothing and Fashion', 'Other']"
2023-06-05 04:26:25,62,Prefer not to say,Less than once a month,Groceries and Gourmet Food;Beauty and Personal Care;Clothing and Fashion;Home and Kitchen,Sometimes,Rarely,Keyword Search,Multiple pages,1,No,Never,High shipping costs,Never,No,Occasionally,Sometimes,5,Sometimes,4,3,User-friendly website/app interface,Customer service responsiveness,415270,"['Groceries and Gourmet Food', 'Beauty and Personal Care', 'Clothing and Fashion', 'Home and Kitchen']"
2023-06-12 15:52:33,39,Male,Once a week,Beauty and Personal Care;Clothing and Fashion,Yes,Rarely,Keyword Search,First page,3,Yes,Rarely,Found a better price elsewhere,Always,Yes,Occasionally,Sometimes,3,No,3,4,User-friendly website/app interface,I have no problem with Amazon yet. But others tell me about the refund issues,133139,"['Beauty and Personal Care', 'Clothing and Fashion']"
2023-06-04 21:22:58,29,Male,Less than once a month,Beauty and Personal Care,Yes,Few times a month,Not specified,Multiple pages,3,No,Always,Found a better price elsewhere,Never,Yes,Rarely,Yes,1,No,5,4,All the above,User interface of app,802518,['Beauty and Personal Care']
2023-06-12 14:41:06,16,Male,Once a month,Clothing and Fashion;others,No,Few times a week,Other,First page,3,No,Always,High shipping costs,Always,No,Rarely,Sometimes,3,No,4,3,Product recommendations,better app interface and lower shipping charges,659706,"['Clothing and Fashion', 'Other']"
2023-06-09 14:36:46,25,Prefer not to say,Less than once a month,Groceries and Gourmet Food;Beauty and Personal Care,No,Few times a week,Filter,Multiple pages,1,Maybe,Never,Other,Sometimes,Yes,Moderately,Sometimes,4,Yes,1,2,Wide product selection,I don't have any problem with Amazon,979289,"['Groceries and Gourmet Food', 'Beauty and Personal Care']"
2023-06-08 22:24:19,48,Male,Few times a month,Beauty and Personal Care;others,No,Rarely,Keyword Search,Multiple pages,1,No,Always,Other,Rarely,Yes,Rarely,Yes,4,Sometimes,2,1,Wide product selection,No problems with Amazon,922302,"['Beauty and Personal Care', 'Other']"
2023-06-08 17:58:03,19,Prefer not to say,Multiple times a week,Beauty and Personal Care;Clothing and Fashion;others,Sometimes,Few times a month,Category Browsing,First page,4,No,Often,High shipping costs,Never,Yes,Rarely,Yes,2,Yes,4,2,All the above,Quality of product is very poor according to the big offers,956573,"['Beauty and Personal Care', 'Clothing and Fashion', 'Other']"
2023-06-04 22:13:28,9,Other,Once a month,Clothing and Fashion;Home and Kitchen,Sometimes,Rarely,Keyword Search,First page,2,Yes,Never,Changed my mind or no longer need the item,Sometimes,Yes,Heavily,Sometimes,2,No,1,1,All the above,Quality of product is very poor according to the big offers,588218,"['Clothing and Fashion', 'Home and Kitchen']"
2023-06-07 18:18:37,62,Female,Less than once a month,Beauty and Personal Care,No,Rarely,Not specified,Multiple pages,2,No,Often,Found a better price elsewhere,Never,Yes,Moderately,No,5,No,5,5,User-friendly website/app interface,No problems with Amazon,198427,['Beauty and Personal Care']
2023-06-08 19:50:55,66,Female,Less than once a month,Groceries and Gourmet Food;Beauty and Personal Care;Clothing and Fashion;Home and Kitchen;others,Yes,Rarely,Not specified,First page,3,Yes,Rarely,Other,Rarely,Yes,Rarely,Yes,3,Sometimes,2,5,Wide product selection,Scrolling option would be much better than going to next page,568699,"['Groceries and Gourmet Food', 'Beauty and Personal Care', 'Clothing and Fashion', 'Home and Kitchen', 'Other']"
2023-06-11 23:16:18,32,Other,Less than once a month,Beauty and Personal Care;Clothing and Fashion;others,Yes,Rarely,Not specified,First page,5,Maybe,Often,Other,Rarely,Yes,Heavily,Sometimes,2,Yes,1,5,Competitive prices,Scrolling option would be much better than going to next page,650309,"['Beauty and Personal Care', 'Clothing and Fashion', 'Other']"
2023-06-05 00:02:56,13,Male,Once a month,Clothing and Fashion;Home and Kitchen;others,No,Rarely,Category Browsing,First page,5,No,Rarely,Changed my mind or no longer need the item,Rarely,No,Heavily,Sometimes,1,Sometimes,3,4,Customer service,I don't have any problem with Amazon,513993,"['Clothing and Fashion', 'Home and Kitchen', 'Other']"
2023-06-08 09:54:40,34,Other,Once a week,others,Yes,Few times a week,Filter,First page,2,No,Rarely,Found a better price elsewhere,Sometimes,No,Occasionally,Sometimes,4,Yes,3,2,Customer service,No problems with Amazon,583356,['Other']
2023-06-09 14:44:09,37,Female,Multiple times a week,Groceries and Gourmet Food;Beauty and Personal Care;Clothing and Fashion;Home and Kitchen;others,No,Few times a month,Keyword Search,First page,5,Maybe,Never,Changed my mind or no longer need the item,Never,No,Rarely,Sometimes,5,Sometimes,1,1,Customer service,Irrelevant product suggestions,902965,"['Groceries and Gourmet Food', 'Beauty and Personal Care', 'Clothing and Fashion', 'Home and Kitchen', 'Other']"
2023-06-07 22:42:24,8,Female,Few times a month,Groceries and Gourmet Food;Home and Kitchen;others,No,Few times a month,Category Browsing,Multiple pages,5,Maybe,Always,Found a better price elsewhere,Often,Yes,Never,Yes,2,Yes,2,4,Wide product selection,Product quality and accuracy,106395,"['Groceries and Gourmet Food', 'Home and Kitchen', 'Other']"
2023-06-09 15:26:38,61,Other,Less than once a month,Beauty and Personal Care;Home and Kitchen,No,Rarely,Other,First page,2,No,Never,Other,Sometimes,Yes,Never,Sometimes,1,No,2,3,User-friendly website/app interface,Nil,484801,"['Beauty and Personal Care', 'Home and Kitchen']"
2023-06-06 19:02:21,41,Female,Once a month,Groceries and Gourmet Food;Clothing and Fashion;Home and Kitchen,No,Few times a week,Other,Multiple pages,3,Yes,Always,Found a better price elsewhere,Never,No,Moderately,No,4,Sometimes,5,3,Customer service,better app interface and lower shipping charges,103862,"['Groceries and Gourmet Food', 'Clothing and Fashion', 'Home and Kitchen']"
2023-06-04 20:20:42,17,Prefer not to say,Once a month,Beauty and Personal Care;Clothing and Fashion;Home and Kitchen,Yes,Few times a week,Not specified,Multiple pages,2,No,Often,Other,Never,No,Occasionally,No,1,No,3,2,User-friendly website/app interface,User interface,497649,"['Beauty and Personal Care', 'Clothing and Fashion', 'Home and Kitchen']"
2023-06-09 09:33:35,29,Male,Once a month,Beauty and Personal Care;Home and Kitchen;others,Sometimes,Few times a week,Category Browsing,Multiple pages,1,Yes,Often,High shipping costs,Never,No,Moderately,Sometimes,4,Yes,3,1,Quick delivery,Shipping speed and reliability,383484,"['Beauty and Personal Care', 'Home and Kitchen', 'Other']"
2023-06-09 16:32:00,47,Female,Few times a month,Groceries and Gourmet Food;Beauty and Personal Care,Yes,Few times a week,Keyword Search,First page,4,Maybe,Rarely,High shipping costs,Always,Yes,Moderately,No,4,No,3,3,Not specified,I don't have any problem with Amazon,496077,"['Groceries and Gourmet Food', 'Beauty and Personal Care']"
2023-06-04 19:13:12,58,Other,Few times a month,Beauty and Personal Care;Clothing and Fashion;Home and Kitchen;others,No,Few times a month,Filter,First page,5,No,Sometimes,High shipping costs,Sometimes,No,Moderately,Yes,3,No,2,2,User-friendly website/app interface,No problems with Amazon,453417,"['Beauty and Personal Care', 'Clothing and Fashion', 'Home and Kitchen', 'Other']"
2023-06-04 18:31:41,24,Male,Once a week,Clothing and Fashion;others,Yes,Multiple times a day,Not specified,Multiple pages,3,No,Often,Changed my mind or no longer need the item,Often,No,Occasionally,Sometimes,5,No,4,5,User-friendly website/app interface,Shipping speed and reliability,506728,"['Clothing and Fashion', 'Other']"
2023-06-06 18:48:26,8,Prefer not to say,Less than once a month,Clothing and Fashion;others,Sometimes,Multiple times a day,Filter,First page,4,Maybe,Rarely,High shipping costs,Rarely,Yes,Rarely,Sometimes,1,Sometimes,1,3,All the above,Nil,443585,"['Clothing and Fashion', 'Other']"
2023-06-11 22:44:01,59,Female,Few times a month,Groceries and Gourmet Food;Beauty and Personal Care;Clothing and Fashion;others,Sometimes,Rarely,Keyword Search,First page,2,Maybe,Often,High shipping costs,Sometimes,Yes,Never,No,4,No,5,1,Customer service,I have no problem with Amazon yet. But others tell me about the refund issues,293476,"['Groceries and Gourmet Food', 'Beauty and Personal Care', 'Clothing and Fashion', 'Other']"
2023-06-07 12:30:22,62,Female,Once a week,Clothing and Fashion;Home and Kitchen,Sometimes,Multiple times a day,Not specified,First page,1,Yes,Often,Other,Sometimes,Yes,Never,Yes,3,Sometimes,1,5,Quick delivery,Nil,782080,"['Clothing and Fashion', 'Home and Kitchen']"
2023-06-11 22:58:52,33,Male,Once a week,Groceries and Gourmet Food,No,Multiple times a day,Keyword Search,Multiple pages,1,No,Often,Found a better price elsewhere,Rarely,Yes,Rarely,No,3,No,2,3,Not specified,I have no problem with Amazon yet. But others tell me about the refund issues,688840,['Groceries and Gourmet Food']
2023-06-08 21:39:30,14,Female,Less than once a month,Groceries and Gourmet Food;Beauty and Personal Care;Clothing and Fashion,No,Few times a week,Not specified,First page,3,No,Always,Changed my mind or no longer need the item,Always,No,Occasionally,No,2,No,1,4,All the above,Quality of product is very poor according to the big offers,480923,"['Groceries and Gourmet Food', 'Beauty and Personal Care', 'Clothing and Fashion']"
2023-06-10 14:40:34,35,Other,Few times a month,Clothing and Fashion,No,Few times a month,Filter,Multiple pages,1,Maybe,Sometimes,Changed my mind or no longer need the item,Never,No,Occasionally,Sometimes,3,No,5,5,Product recommendations,Quality of product is very poor according to the big offers,122342,['Clothing and Fashion']
2023-06-05 14:21:37,27,Other,Once a month,Clothing and Fashion,Yes,Few times a month,Category Browsing,First page,5,Yes,Never,Changed my mind or no longer need the item,Sometimes,Yes,Moderately,Sometimes,1,No,2,3,Competitive prices,No problems with Amazon,545823,['Clothing and Fashion']
2023-06-09 09:37:15,60,Female,Once a month,Groceries and Gourmet Food;Beauty and Personal Care;Clothing and Fashion;others,Yes,Rarely,Not specified,First page,4,No,Sometimes,Found a better price elsewhere,Often,Yes,Never,Sometimes,2,No,4,1,Quick delivery,Scrolling option would be much better than going to next page,996127,"['Groceries and Gourmet Food', 'Beauty and Personal Care', 'Clothing and Fashion', 'Other']"
2023-06-06 18:44:50,27,Prefer not to say,Few times a month,Beauty and Personal Care;Clothing and Fashion;others,Sometimes,Few times a week,Keyword Search,Multiple pages,1,Yes,Sometimes,High shipping costs,Always,Yes,Rarely,Sometimes,2,Sometimes,5,2,User-friendly website/app interface,Reducing packaging waste,774794,"['Beauty and Personal Care', 'Clothing and Fashion', 'Other']"
2023-06-07 22:44:42,60,Prefer not to say,Once a month,Home and Kitchen,Sometimes,Few times a month,Category Browsing,First page,1,No,Rarely,Found a better price elsewhere,Never,No,Never,No,4,Sometimes,2,1,Quick delivery,UI,761409,['Home and Kitchen']
2023-06-07 12:13:39,54,Female,Once a month,Clothing and Fashion,Yes,Few times a week,Keyword Search,Multiple pages,2,Maybe,Always,Other,Never,No,Moderately,No,5,Sometimes,2,4,Wide product selection,Add more familiar brands to the list,166620,['Clothing and Fashion']
2023-06-12 16:02:53,60,Male,Few times a month,Groceries and Gourmet Food;Home and Kitchen;others,No,Few times a month,Other,First page,1,No,Always,High shipping costs,Always,Yes,Never,Sometimes,3,Sometimes,4,3,Quick delivery,Quality of product is very poor according to the big offers,543596,"['Groceries and Gourmet Food', 'Home and Kitchen', 'Other']"
2023-06-07 14:23:02,40,Female,Once a month,Clothing and Fashion;Home and Kitchen;others,Yes,Few times a month,Keyword Search,Multiple pages,3,Maybe,Never,Found a better price elsewhere,Often,Yes,Never,Yes,5,Yes,5,1,Competitive prices,I don't have any problem with Amazon,407279,"['Clothing and Fashion', 'Home and Kitchen', 'Other']"
2023-06-09 15:07:36,48,Prefer not to say,Once a month,Clothing and Fashion,Yes,Few times a week,Not specified,First page,5,No,Sometimes,High shipping costs,Rarely,Yes,Heavily,No,4,Yes,5,5,Product recommendations,Shipping speed and reliability,959377,['Clothing and Fashion']
2023-06-07 21:22:24,49,Prefer not to say,Few times a month,Beauty and Personal Care;Home and Kitchen,Yes,Rarely,Not specified,Multiple pages,2,Yes,Never,Other,Rarely,No,Occasionally,Sometimes,2,No,2,5,Product recommendations,Nothing,985211,"['Beauty and Personal Care', 'Home and Kitchen']"
2023-06-05 20:06:04,39,Female,Multiple times a week,Beauty and Personal Care;Home and Kitchen;others,No,Rarely,Keyword Search,Multiple pages,5,Yes,Always,Found a better price elsewhere,Sometimes,No,Rarely,No,3,No,4,4,Customer service,Shipping speed and reliability,166134,"['Beauty and Personal Care', 'Home and Kitchen', 'Other']"
2023-06-04 20:02:28,53,Female,Once a week,Groceries and Gourmet Food;Beauty and Personal Care,Sometimes,Rarely,Keyword Search,Multiple pages,4,No,Always,High shipping costs,Rarely,No,Never,Yes,4,No,2,4,User-friendly website/app interface,I have no problem with Amazon yet. But others tell me about the refund issues,809793,"['Groceries and Gourmet Food', 'Beauty and Personal Care']"
2023-06-08 17:43:45,43,Female,Multiple times a week,others,Sometimes,Few times a week,Not specified,Multiple pages,5,Yes,Rarely,High shipping costs,Never,Yes,Heavily,No,4,Yes,1,1,Customer service,Irrelevant product suggestions,923406,['Other']
2023-06-05 09:20:17,20,Other,Multiple times a week,Beauty and Personal Care;others,No,Few times a month,Category Browsing,First page,3,Maybe,Often,High shipping costs,Sometimes,Yes,Rarely,Sometimes,3,No,5,3,Quick delivery,Quality of product is very poor according to the big offers,599457,"['Beauty and Personal Care', 'Other']"
2023-06-08 18:00:20,61,Other,Few times a month,Groceries and Gourmet Food;Beauty and Personal Care;Home and Kitchen,No,Few times a month,Keyword Search,Multiple pages,3,No,Always,High shipping costs,Rarely,No,Moderately,Sometimes,3,No,4,1,Customer service,Nothing,608542,"['Groceries and Gourmet Food', 'Beauty and Personal Care', 'Home and Kitchen']"
2023-06-04 14:30:44,50,Male,Multiple times a week,Beauty and Personal Care;Clothing and Fashion;Home and Kitchen,Yes,Few times a month,Category Browsing,First page,3,No,Often,Other,Always,Yes,Occasionally,Sometimes,2,Sometimes,3,4,Product recommendations,Nothing,133581,"['Beauty and Personal Care', 'Clothing and Fashion', 'Home and Kitchen']"
2023-06-11 23:22:55,14,Male,Once a week,Groceries and Gourmet Food,Yes,Multiple times a day,Filter,First page,2,Yes,Sometimes,Other,Rarely,Yes,Occasionally,Sometimes,4,No,3,3,Not specified,I don't have any problem with Amazon,535991,['Groceries and Gourmet Food']
2023-06-11 22:44:46,60,Female,Once a week,Groceries and Gourmet Food;Home and Kitchen,Yes,Few times a week,Not specified,First page,4,No,Never,High shipping costs,Often,Yes,Occasionally,No,3,Yes,2,5,Not specified,Scrolling option would be much better than going to next page,951696,"['Groceries and Gourmet Food', 'Home and Kitchen']"
2023-06-06 16:25:49,60,Other,Once a month,Groceries and Gourmet Food;Beauty and Personal Care;others,No,Multiple times a day,Keyword Search,First page,4,Maybe,Often,Changed my mind or no longer need the item,Often,Yes,Moderately,No,1,No,5,1,Product recommendations,Customer service responsiveness,647416,"['Groceries and Gourmet Food', 'Beauty and Personal Care', 'Other']"
2023-06-04 21:40:54,64,Female,Multiple times a week,Home and Kitchen;others,No,Multiple times a day,Keyword Search,Multiple pages,4,Yes,Often,High shipping costs,Often,No,Occasionally,Yes,5,Sometimes,2,1,All the above,I have no problem with Amazon yet. But others tell me about the refund issues,762146,"['Home and Kitchen', 'Other']"
2023-06-12 15:40:25,44,Prefer not to say,Multiple times a week,Groceries and Gourmet Food;Beauty and Personal Care;Home and Kitchen,Yes,Rarely,Filter,First page,5,Yes,Sometimes,High shipping costs,Sometimes,No,Never,No,1,Sometimes,5,2,Quick delivery,Irrelevant product suggestions,278543,"['Groceries and Gourmet Food', 'Beauty and Personal Care', 'Home and Kitchen']"
2023-06-08 17:55:54,66,Female,Less than once a month,Beauty and Personal Care;Clothing and Fashion;others,Sometimes,Multiple times a day,Not specified,Multiple pages,4,No,Never,Changed my mind or no longer need the item,Often,No,Rarely,No,1,Yes,2,2,Wide product selection,Quality of product is very poor according to the big offers,676990,"['Beauty and Personal Care', 'Clothing and Fashion', 'Other']"
2023-06-04 20:46:02,48,Female,Multiple times a week,Beauty and Personal Care;Clothing and Fashion;Home and Kitchen,Sometimes,Few times a week,Filter,First page,1,No,Always,Found a better price elsewhere,Never,No,Moderately,No,3,Yes,1,3,Wide product selection,Scrolling option would be much better than going to next page,683010,"['Beauty and Personal Care', 'Clothing and Fashion', 'Home and Kitchen']"
2023-06-05 22:05:25,60,Other,Once a week,Groceries and Gourmet Food;Beauty and Personal Care;others,Yes,Few times a month,Category Browsing,First page,3,No,Always,Other,Sometimes,No,Moderately,No,3,No,1,4,Competitive prices,No problems with Amazon,222573,"['Groceries and Gourmet Food', 'Beauty and Personal Care', 'Other']"
2023-06-08 17:19:56,65,Female,Less than once a month,Clothing and Fashion;Home and Kitchen,Sometimes,Rarely,Other,First page,3,Maybe,Rarely,Changed my mind or no longer need the item,Always,No,Never,Yes,3,Yes,5,3,Quick delivery,Shipping speed and reliability,552844,"['Clothing and Fashion', 'Home and Kitchen']"
2023-06-07 22:07:42,19,Other,Few times a month,Clothing and Fashion;Home and Kitchen,Sometimes,Few times a week,Category Browsing,First page,1,Yes,Sometimes,High shipping costs,Often,Yes,Heavily,Sometimes,5,No,5,4,Customer service,I don't have any problem with Amazon,320886,"['Clothing and Fashion', 'Home and Kitchen']"
2023-06-08 17:28:09,10,Female,Less than once a month,Clothing and Fashion;Home and Kitchen;others,No,Rarely,Not specified,Multiple pages,1,No,Always,Other,Never,No,Heavily,Sometimes,4,Sometimes,1,1,Quick delivery,Reducing packaging waste,767483,"['Clothing and Fashion', 'Home and Kitchen', 'Other']"
2023-06-05 20:52:01,46,Prefer not to say,Less than once a month,Groceries and Gourmet Food;Beauty and Personal Care;Clothing and Fashion;Home and Kitchen;others,Sometimes,Few times a week,Filter,Multiple pages,3,Yes,Rarely,Changed my mind or no longer need the item,Rarely,No,Never,No,3,No,1,2,User-friendly website/app interface,User interface,801340,"['Groceries and Gourmet Food', 'Beauty and Personal Care', 'Clothing and Fashion', 'Home and Kitchen', 'Other']"
2023-06-12 15:53:28,22,Male,Less than once a month,Beauty and Personal Care;others,No,Multiple times a day,Filter,First page,4,Maybe,Rarely,Changed my mind or no longer need the item,Often,Yes,Moderately,Yes,5,No,4,1,Quick delivery,Irrelevant product suggestions,262036,"['Beauty and Personal Care', 'Other']"
2023-06-04 21:48:15,63,Female,Less than once a month,Beauty and Personal Care;Clothing and Fashion;Home and Kitchen;others,No,Few times a month,Other,Multiple pages,2,Maybe,Never,Found a better price elsewhere,Always,Yes,Moderately,Yes,1,Yes,4,2,User-friendly website/app interface,I don't have any problem with Amazon,450474,"['Beauty and Personal Care', 'Clothing and Fashion', 'Home and Kitchen', 'Other']"
2023-06-06 18:42:00,60,Other,Few times a month,Beauty and Personal Care;Clothing and Fashion,No,Few times a week,Other,First page,5,Maybe,Always,Changed my mind or no longer need the item,Always,Yes,Rarely,No,5,No,4,1,Not specified,Product quality and accuracy,895541,"['Beauty and Personal Care', 'Clothing and Fashion']"
2023-06-05 13:27:08,18,Male,Few times a month,Groceries and Gourmet Food;Beauty and Personal Care;Clothing and Fashion;others,Sometimes,Multiple times a day,Not specified,First page,5,No,Never,Other,Rarely,Yes,Occasionally,Yes,3,No,3,3,Customer service,Product quality and accuracy,521709,"['Groceries and Gourmet Food', 'Beauty and Personal Care', 'Clothing and Fashion', 'Other']"
2023-06-06 19:15:48,41,Prefer not to say,Less than once a month,Beauty and Personal Care,Yes,Few times a week,Filter,Multiple pages,2,Maybe,Often,Other,Rarely,Yes,Heavily,Yes,2,Sometimes,4,3,Competitive prices,User interface of app,364684,['Beauty and Personal Care']
2023-06-07 21:16:59,63,Other,Once a month,Beauty and Personal Care;Clothing and Fashion;Home and Kitchen,Sometimes,Few times a week,Keyword Search,Multiple pages,2,Yes,Never,Changed my mind or no longer need the item,Often,No,Occasionally,Sometimes,5,No,4,3,Quick delivery,Scrolling option would be much better than going to next page,356354,"['Beauty and Personal Care', 'Clothing and Fashion', 'Home and Kitchen']"
2023-06-06 23:06:30,15,Prefer not to say,Multiple times a week,Groceries and Gourmet Food;Clothing and Fashion;others,Yes,Rarely,Category Browsing,Multiple pages,5,No,Always,High shipping costs,Rarely,No,Heavily,Sometimes,2,Yes,5,5,Customer service,Scrolling option would be much better than going to next page,164418,"['Groceries and Gourmet Food', 'Clothing and Fashion', 'Other']"
2023-06-05 13:35:41,49,Other,Once a month,Groceries and Gourmet Food;Clothing and Fashion;Home and Kitchen,Sometimes,Rarely,Not specified,First page,3,Maybe,Always,High shipping costs,Sometimes,No,Heavily,No,1,Yes,3,5,Customer service,Add more familiar brands to the list,325818,"['Groceries and Gourmet Food', 'Clothing and Fashion', 'Home and Kitchen']"
2023-06-09 16:31:33,66,Male,Once a week,others,No,Few times a week,Filter,Multiple pages,3,No,Sometimes,High shipping costs,Often,Yes,Never,Sometimes,2,Sometimes,1,5,User-friendly website/app interface,Not specified,654951,['Other']
2023-06-06 19:20:35,61,Prefer not to say,Less than once a month,Beauty and Personal Care;others,No,Rarely,Other,Multiple pages,3,No,Always,Found a better price elsewhere,Always,No,Occasionally,No,4,Yes,3,3,Competitive prices,I have no problem with Amazon yet. But others tell me about the refund issues,930648,"['Beauty and Personal Care', 'Other']"
2023-06-11 22:44:01,10,Other,Once a week,Groceries and Gourmet Food;Beauty and Personal Care,Yes,Rarely,Filter,First page,2,Yes,Always,High shipping costs,Rarely,No,Heavily,No,2,Sometimes,5,2,Customer service,User interface,944557,"['Groceries and Gourmet Food', 'Beauty and Personal Care']"
2023-06-08 17:36:14,61,Prefer not to say,Multiple times a week,Groceries and Gourmet Food;Home and Kitchen,No,Few times a month,Filter,First page,2,Maybe,Sometimes,Other,Sometimes,Yes,Heavily,No,3,Yes,4,1,Customer service,better app interface and lower shipping charges,134506,"['Groceries and Gourmet Food', 'Home and Kitchen']"
2023-06-09 14:43:37,44,Other,Few times a month,Groceries and Gourmet Food;Beauty and Personal Care;Clothing and Fashion;Home and Kitchen;others,Sometimes,Rarely,Keyword Search,First page,3,Yes,Sometimes,High shipping costs,Always,Yes,Rarely,Sometimes,2,Sometimes,2,1,Not specified,Add more familiar brands to the list,743216,"['Groceries and Gourmet Food', 'Beauty and Personal Care', 'Clothing and Fashion', 'Home and Kitchen', 'Other']"
2023-06-07 12:50:13,53,Prefer not to say,Once a month,Groceries and Gourmet Food;Clothing and Fashion;Home and Kitchen;others,Yes,Multiple times a day,Not specified,First page,4,Maybe,Sometimes,Other,Often,No,Heavily,No,1,Sometimes,3,5,Customer service,better app interface and lower shipping charges,852261,"['Groceries and Gourmet Food', 'Clothing and Fashion', 'Home and Kitchen', 'Other']"
2023-06-07 20:41:53,64,Prefer not to say,Once a week,Groceries and Gourmet Food;Home and Kitchen,Sometimes,Few times a week,Filter,Multiple pages,3,Maybe,Always,High shipping costs,Sometimes,No,Moderately,No,5,Sometimes,2,2,Wide product selection,Scrolling option would be much better than going to next page,874514,"['Groceries and Gourmet Food', 'Home and Kitchen']"
2023-06-09 12:22:47,6,Other,Few times a month,Groceries and Gourmet Food;Beauty and Personal Care;Home and Kitchen,Yes,Multiple times a day,Filter,Multiple pages,4,Maybe,Rarely,Other,Sometimes,Yes,Heavily,No,2,Sometimes,2,5,Wide product selection,User interface of app,881216,"['Groceries and Gourmet Food', 'Beauty and Personal Care', 'Home and Kitchen']"
2023-06-11 23:19:12,39,Male,Few times a month,Groceries and Gourmet Food;Beauty and Personal Care;others,Yes,Rarely,Category Browsing,First page,4,Maybe,Rarely,Other,Sometimes,No,Never,Yes,4,Yes,2,3,Customer service,I have no problem with Amazon yet. But others tell me about the refund issues,527877,"['Groceries and Gourmet Food', 'Beauty and Personal Care', 'Other']"
2023-06-08 17:35:25,61,Male,Once a month,Clothing and Fashion,No,Multiple times a day,Not specified,First page,4,Yes,Often,Other,Always,Yes,Rarely,Sometimes,3,Sometimes,2,1,All the above,Quality of product is very poor according to the big offers,720486,['Clothing and Fashion']
2023-06-04 20:46:02,17,Male,Few times a month,Beauty and Personal Care;Home and Kitchen;others,No,Few times a week,Category Browsing,Multiple pages,5,No,Always,Other,Never,No,Occasionally,Sometimes,3,Yes,4,1,Wide product selection,User interface,222665,"['Beauty and Personal Care', 'Home and Kitchen', 'Other']"
2023-06-04 23:24:41,20,Prefer not to say,Once a month,Groceries and Gourmet Food;Beauty and Personal Care;Clothing and Fashion;Home and Kitchen;others,Sometimes,Few times a week,Keyword Search,First page,3,Yes,Rarely,Changed my mind or no longer need the item,Sometimes,Yes,Heavily,Sometimes,2,Sometimes,3,1,Wide product selection,Customer service responsiveness,788596,"['Groceries and Gourmet Food', 'Beauty and Personal Care', 'Clothing and Fashion', 'Home and Kitchen', 'Other']"
2023-06-08 17:35:25,25,Other,Less than once a month,Beauty and Personal Care;Home and Kitchen,Sometimes,Few times a week,Keyword Search,Multiple pages,3,Maybe,Often,Changed my mind or no longer need the item,Often,Yes,Heavily,Yes,1,Sometimes,1,5,All the above,Add more familiar brands to the list,519655,"['Beauty and Personal Care', 'Home and Kitchen']"
2023-06-08 17:30:12,29,Female,Less than once a month,Groceries and Gourmet Food;Beauty and Personal Care;Clothing and Fashion;others,Yes,Few times a month,Other,Multiple pages,5,Yes,Never,High shipping costs,Sometimes,No,Never,No,2,Sometimes,3,3,Competitive prices,Nothing,317054,"['Groceries and Gourmet Food', 'Beauty and Personal Care', 'Clothing and Fashion', 'Other']"
2023-06-09 09:39:04,3,Prefer not to say,Less than once a month,Groceries and Gourmet Food;Beauty and Personal Care;Clothing and Fashion;Home and Kitchen;others,Sometimes,Rarely,Not specified,Multiple pages,1,Maybe,Often,Found a better price elsewhere,Rarely,Yes,Rarely,No,5,Yes,1,5,Not specified,I don't have any problem with Amazon,324626,"['Groceries and Gourmet Food', 'Beauty and Personal Care', 'Clothing and Fashion', 'Home and Kitchen', 'Other']"
2023-06-09 10:26:01,34,Other,Once a month,Beauty and Personal Care;Clothing and Fashion,Sometimes,Multiple times a day,Keyword Search,Multiple pages,2,No,Rarely,Other,Rarely,No,Never,Sometimes,4,Yes,4,4,Quick delivery,Quality of product is very poor according to the big offers,765145,"['Beauty and Personal Care', 'Clothing and Fashion']"
2023-06-12 15:59:10,18,Other,Few times a month,Groceries and Gourmet Food;Beauty and Personal Care;Clothing and Fashion;Home and Kitchen;others,Yes,Few times a month,Other,First page,2,Maybe,Rarely,Other,Often,Yes,Occasionally,No,3,Yes,2,3,Wide product selection,Quality of product is very poor according to the big offers,276316,"['Groceries and Gourmet Food', 'Beauty and Personal Care', 'Clothing and Fashion', 'Home and Kitchen', 'Other']"
2023-06-08 17:42:23,50,Male,Few times a month,Groceries and Gourmet Food;Beauty and Personal Care;Clothing and Fashion,No,Few times a week,Not specified,Multiple pages,3,No,Always,High shipping costs,Sometimes,Yes,Rarely,Yes,2,No,4,3,Not specified,Scrolling option would be much better than going to next page,290115,"['Groceries and Gourmet Food', 'Beauty and Personal Care', 'Clothing and Fashion']"
2023-06-08 17:54:49,21,Male,Once a week,Groceries and Gourmet Food;Beauty and Personal Care;others,Sometimes,Multiple times a day,Category Browsing,First page,3,Yes,Always,Changed my mind or no longer need the item,Rarely,Yes,Occasionally,Sometimes,5,Yes,2,4,Not specified,Add more familiar brands to the list,633295,"['Groceries and Gourmet Food', 'Beauty and Personal Care', 'Other']"
2023-06-11 09:53:31,33,Female,Once a week,Clothing and Fashion,No,Multiple times a day,Not specified,Multiple pages,2,Maybe,Never,Found a better price elsewhere,Often,No,Moderately,Sometimes,3,No,1,5,Customer service,I have no problem with Amazon yet. But others tell me about the refund issues,702519,['Clothing and Fashion']
2023-06-08 17:59:25,40,Male,Less than once a month,others,No,Few times a week,Filter,Multiple pages,5,No,Always,Other,Sometimes,Yes,Rarely,No,5,Sometimes,4,5,Customer service,Shipping speed and reliability,773120,['Other']
2023-06-09 14:49:20,61,Prefer not to say,Few times a month,Home and Kitchen;others,Yes,Few times a month,Not specified,Multiple pages,3,Yes,Never,Changed my mind or no longer need the item,Always,No,Heavily,No,2,Yes,4,4,Not specified,I don't have any problem with Amazon,575959,"['Home and Kitchen', 'Other']"
2023-06-11 23:21:30,66,Female,Once a month,Beauty and Personal Care;Clothing and Fashion;Home and Kitchen;others,No,Rarely,Keyword Search,Multiple pages,3,Yes,Rarely,Other,Often,No,Moderately,No,3,Sometimes,3,3,All the above,I don't have any problem with Amazon,122316,"['Beauty and Personal Care', 'Clothing and Fashion', 'Home and Kitchen', 'Other']"
2023-06-08 17:38:57,21,Other,Multiple times a week,Clothing and Fashion;others,No,Few times a week,Category Browsing,Multiple pages,2,No,Often,Found a better price elsewhere,Sometimes,Yes,Moderately,No,2,Yes,3,3,User-friendly website/app interface,Irrelevant product suggestions,370501,"['Clothing and Fashion', 'Other']"
2023-06-06 18:41:11,66,Female,Once a week,Groceries and Gourmet Food;Clothing and Fashion,Sometimes,Few times a month,Not specified,Multiple pages,5,Yes,Never,Changed my mind or no longer need the item,Sometimes,Yes,Never,Sometimes,5,Yes,3,5,All the above,Add more familiar brands to the list,860022,"['Groceries and Gourmet Food', 'Clothing and Fashion']"
2023-06-08 22:38:16,28,Male,Once a week,Groceries and Gourmet Food;Beauty and Personal Care;Clothing and Fashion,Sometimes,Few times a month,Other,Multiple pages,1,No,Never,High shipping costs,Sometimes,Yes,Moderately,No,4,Yes,2,4,Competitive prices,Shipping speed and reliability,916642,"['Groceries and Gourmet Food', 'Beauty and Personal Care', 'Clothing and Fashion']"
2023-06-07 20:41:53,48,Female,Less than once a month,Groceries and Gourmet Food;Clothing and Fashion;others,Sometimes,Rarely,Keyword Search,Multiple pages,5,Maybe,Rarely,High shipping costs,Never,Yes,Occasionally,No,3,Yes,1,2,Customer service,Add more familiar brands to the list,249922,"['Groceries and Gourmet Food', 'Clothing and Fashion', 'Other']"
2023-06-07 03:08:03,65,Prefer not to say,Multiple times a week,others,No,Few times a week,Keyword Search,First page,1,Yes,Always,High shipping costs,Always,No,Heavily,Yes,2,No,4,2,All the above,Irrelevant product suggestions,635390,['Other']
2023-06-05 22:04:32,16,Male,Less than once a month,Beauty and Personal Care;Clothing and Fashion;others,No,Rarely,Keyword Search,Multiple pages,3,No,Often,Found a better price elsewhere,Always,No,Never,Yes,1,Yes,4,3,User-friendly website/app interface,Shipping speed and reliability,632726,"['Beauty and Personal Care', 'Clothing and Fashion', 'Other']"
2023-06-06 09:39:32,53,Female,Few times a month,Clothing and Fashion;Home and Kitchen;others,Sometimes,Few times a month,Filter,First page,2,Maybe,Often,Found a better price elsewhere,Always,No,Occasionally,Yes,5,Yes,1,4,Wide product selection,Add more familiar brands to the list,381074,"['Clothing and Fashion', 'Home and Kitchen', 'Other']"
2023-06-12 15:33:53,58,Other,Few times a month,Groceries and Gourmet Food,Yes,Multiple times a day,Other,Multiple pages,1,No,Rarely,Changed my mind or no longer need the item,Often,No,Occasionally,Yes,2,Yes,5,1,All the above,Add more familiar brands to the list,958643,['Groceries and Gourmet Food']
2023-06-08 17:28:47,56,Other,Once a week,Groceries and Gourmet Food;Beauty and Personal Care;Clothing and Fashion,Sometimes,Few times a month,Other,First page,5,No,Always,Changed my mind or no longer need the item,Often,No,Rarely,Sometimes,4,Sometimes,4,3,Not specified,Quality of product is very poor according to the big offers,684430,"['Groceries and Gourmet Food', 'Beauty and Personal Care', 'Clothing and Fashion']"
2023-06-08 17:42:27,48,Female,Few times a month,Groceries and Gourmet Food;Beauty and Personal Care;Home and Kitchen,Sometimes,Few times a week,Filter,First page,1,Yes,Sometimes,Changed my mind or no longer need the item,Rarely,Yes,Heavily,Yes,4,No,3,1,User-friendly website/app interface,I have no problem with Amazon yet. But others tell me about the refund issues,911749,"['Groceries and Gourmet Food', 'Beauty and Personal Care', 'Home and Kitchen']"
2023-06-11 22:57:34,11,Female,Multiple times a week,Groceries and Gourmet Food;Beauty and Personal Care,No,Few times a month,Filter,Multiple pages,3,No,Rarely,Changed my mind or no longer need the item,Rarely,No,Occasionally,No,4,No,1,3,Wide product selection,Shipping speed and reliability,279900,"['Groceries and Gourmet Food', 'Beauty and Personal Care']"
2023-06-07 18:30:43,52,Prefer not to say,Once a month,Groceries and Gourmet Food,Yes,Rarely,Other,Multiple pages,3,Yes,Rarely,Changed my mind or no longer need the item,Rarely,Yes,Heavily,No,3,Yes,2,5,Customer service,I don't have any problem with Amazon,459410,['Groceries and Gourmet Food']
2023-06-06 19:15:48,51,Other,Once a month,Home and Kitchen;others,Sometimes,Few times a month,Filter,First page,1,Yes,Never,Found a better price elsewhere,Always,No,Never,Sometimes,4,Yes,5,1,Wide product selection,Not specified,426007,"['Home and Kitchen', 'Other']"
2023-06-05 13:35:41,61,Male,Less than once a month,Groceries and Gourmet Food;Clothing and Fashion;Home and Kitchen,Sometimes,Few times a week,Category Browsing,First page,2,Maybe,Always,Changed my mind or no longer need the item,Rarely,Yes,Occasionally,Sometimes,3,No,4,2,Product recommendations,Nothing,810670,"['Groceries and Gourmet Food', 'Clothing and Fashion', 'Home and Kitchen']"
2023-06-07 12:29:31,40,Other,Once a week,Groceries and Gourmet Food;Clothing and Fashion;others,Sometimes,Few times a month,Other,First page,5,No,Rarely,Other,Never,No,Rarely,Sometimes,3,Yes,4,3,User-friendly website/app interface,Scrolling option would be much better than going to next page,258826,"['Groceries and Gourmet Food', 'Clothing and Fashion', 'Other']"
2023-06-06 19:41:36,15,Prefer not to say,Once a week,Groceries and Gourmet Food;Clothing and Fashion;others,Sometimes,Few times a month,Other,Multiple pages,2,No,Rarely,Other,Sometimes,No,Occasionally,No,4,Yes,1,4,Not specified,No problems with Amazon,725807,"['Groceries and Gourmet Food', 'Clothing and Fashion', 'Other']"
2023-06-09 14:34:43,33,Male,Few times a month,Clothing and Fashion;others,No,Few times a week,Other,Multiple pages,3,Maybe,Often,Changed my mind or no longer need the item,Often,No,Rarely,No,1,Sometimes,3,3,Not specified,Shipping speed and reliability,615151,"['Clothing and Fashion', 'Other']"
2023-06-07 09:19:23,14,Male,Once a month,Beauty and Personal Care;Clothing and Fashion;others,Sometimes,Multiple times a day,Category Browsing,First page,1,Yes,Rarely,High shipping costs,Often,No,Never,Sometimes,1,Sometimes,4,2,User-friendly website/app interface,Add more familiar brands to the list,952769,"['Beauty and Personal Care', 'Clothing and Fashion', 'Other']"
2023-06-06 09:47:31,44,Female,Few times a month,Beauty and Personal Care,Sometimes,Multiple times a day,Category Browsing,Multiple pages,2,No,Sometimes,Changed my mind or no longer need the item,Never,No,Never,Yes,4,No,2,5,Not specified,Nil,906324,['Beauty and Personal Care']
2023-06-08 18:39:59,58,Female,Multiple times a week,Groceries and Gourmet Food;Beauty and Personal Care;Home and Kitchen,Yes,Multiple times a day,Not specified,First page,1,No,Often,Other,Never,No,Heavily,No,3,No,1,1,Customer service,Product quality and accuracy,868680,"['Groceries and Gourmet Food', 'Beauty and Personal Care', 'Home and Kitchen']"
2023-06-09 10:26:26,31,Male,Once a month,Groceries and Gourmet Food;Beauty and Personal Care,Yes,Rarely,Keyword Search,Multiple pages,2,Yes,Always,Other,Never,Yes,Occasionally,Sometimes,3,Yes,1,2,All the above,Reducing packaging waste,102950,"['Groceries and Gourmet Food', 'Beauty and Personal Care']"
2023-06-11 23:07:31,43,Other,Once a week,others,Sometimes,Few times a month,Category Browsing,First page,2,No,Rarely,Other,Rarely,No,Moderately,Yes,4,Sometimes,5,1,Not specified,Nil,305803,['Other']
2023-06-09 10:28:23,26,Female,Once a month,Groceries and Gourmet Food,No,Multiple times a day,Category Browsing,Multiple pages,3,Maybe,Rarely,Other,Never,Yes,Moderately,No,2,No,5,1,Customer service,No problems with Amazon,807595,['Groceries and Gourmet Food']
2023-06-08 17:40:49,21,Male,Few times a month,Clothing and Fashion,Sometimes,Few times a week,Filter,Multiple pages,2,No,Rarely,Other,Rarely,No,Occasionally,Yes,5,Sometimes,2,2,Wide product selection,Nothing,877501,['Clothing and Fashion']
2023-06-08 17:37:58,9,Prefer not to say,Multiple times a week,Beauty and Personal Care;Clothing and Fashion,No,Few times a week,Other,First page,3,No,Rarely,Other,Sometimes,Yes,Heavily,Sometimes,1,Sometimes,2,1,Customer service,UI,445869,"['Beauty and Personal Care', 'Clothing and Fashion']"
2023-06-07 12:30:22,6,Female,Less than once a month,Groceries and Gourmet Food;Beauty and Personal Care;Clothing and Fashion;Home and Kitchen;others,No,Multiple times a day,Other,First page,3,Yes,Never,Found a better price elsewhere,Always,Yes,Occasionally,Yes,5,Sometimes,5,2,Wide product selection,Add more familiar brands to the list,416658,"['Groceries and Gourmet Food', 'Beauty and Personal Care', 'Clothing and Fashion', 'Home and Kitchen', 'Other']"
2023-06-07 21:17:50,45,Male,Multiple times a week,Groceries and Gourmet Food;Beauty and Personal Care;Clothing and Fashion;Home and Kitchen;others,No,Rarely,Filter,First page,3,Maybe,Always,Other,Rarely,Yes,Occasionally,Sometimes,2,Yes,3,1,User-friendly website/app interface,I don't have any problem with Amazon,204985,"['Groceries and Gourmet Food', 'Beauty and Personal Care', 'Clothing and Fashion', 'Home and Kitchen', 'Other']"
2023-06-11 22:47:42,21,Prefer not to say,Few times a month,Groceries and Gourmet Food,Sometimes,Few times a month,Keyword Search,First page,4,Yes,Always,High shipping costs,Never,Yes,Occasionally,Sometimes,1,No,3,2,All the above,Nothing,803611,['Groceries and Gourmet Food']
2023-06-09 10:23:45,10,Other,Once a month,Clothing and Fashion;others,No,Rarely,Category Browsing,First page,1,No,Always,Other,Rarely,No,Occasionally,No,3,No,4,3,Wide product selection,Not specified,498484,"['Clothing and Fashion', 'Other']"
2023-06-09 14:35:29,41,Female,Once a week,Groceries and Gourmet Food;Beauty and Personal Care;Clothing and Fashion,No,Few times a month,Not specified,First page,4,Maybe,Always,Changed my mind or no longer need the item,Rarely,No,Occasionally,Yes,3,No,5,1,User-friendly website/app interface,Reducing packaging waste,471586,"['Groceries and Gourmet Food', 'Beauty and Personal Care', 'Clothing and Fashion']"
2023-06-07 23:10:09,28,Prefer not to say,Once a week,Groceries and Gourmet Food;Beauty and Personal Care;Clothing and Fashion,No,Rarely,Category Browsing,Multiple pages,3,Maybe,Never,Other,Always,No,Rarely,Yes,3,No,5,2,Quick delivery,Shipping speed and reliability,557930,"['Groceries and Gourmet Food', 'Beauty and Personal Care', 'Clothing and Fashion']"
2023-06-09 14:34:43,44,Male,Less than once a month,Groceries and Gourmet Food;Clothing and Fashion,Yes,Rarely,Filter,Multiple pages,4,Yes,Always,Changed my mind or no longer need the item,Always,Yes,Rarely,Yes,5,Sometimes,5,3,Customer service,Not specified,844710,"['Groceries and Gourmet Food', 'Clothing and Fashion']"
2023-06-07 11:54:03,28,Other,Few times a month,Groceries and Gourmet Food;Clothing and Fashion;Home and Kitchen;others,No,Few times a month,Filter,Multiple pages,2,Yes,Often,Other,Never,Yes,Heavily,Sometimes,1,No,4,3,Competitive prices,I have no problem with Amazon yet. But others tell me about the refund issues,485457,"['Groceries and Gourmet Food', 'Clothing and Fashion', 'Home and Kitchen', 'Other']"
2023-06-11 22:52:47,29,Male,Once a month,Beauty and Personal Care;Clothing and Fashion;Home and Kitchen;others,No,Few times a week,Not specified,Multiple pages,3,Maybe,Always,Changed my mind or no longer need the item,Always,Yes,Rarely,Yes,1,No,1,1,Competitive prices,Not specified,620785,"['Beauty and Personal Care', 'Clothing and Fashion', 'Home and Kitchen', 'Other']"
2023-06-07 12:30:22,16,Other,Multiple times a week,Clothing and Fashion;others,Sometimes,Multiple times a day,Category Browsing,First page,5,Maybe,Never,Other,Sometimes,No,Moderately,No,3,Sometimes,2,3,Wide product selection,Irrelevant product suggestions,520980,"['Clothing and Fashion', 'Other']"
2023-06-10 23:21:59,8,Male,Once a month,Groceries and Gourmet Food;Clothing and Fashion;Home and Kitchen,Sometimes,Multiple times a day,Category Browsing,First page,5,Maybe,Sometimes,Changed my mind or no longer need the item,Rarely,Yes,Rarely,No,2,Yes,3,1,Customer service,better app interface and lower shipping charges,734187,"['Groceries and Gourmet Food', 'Clothing and Fashion', 'Home and Kitchen']"
2023-06-07 16:46:12,37,Other,Once a month,Home and Kitchen,Yes,Few times a week,Filter,Multiple pages,4,No,Often,High shipping costs,Rarely,No,Never,Sometimes,5,Yes,3,3,Wide product selection,User interface of app,467146,['Home and Kitchen']
2023-06-08 03:24:37,39,Female,Few times a month,Beauty and Personal Care;Clothing and Fashion,Yes,Few times a month,Not specified,First page,5,Yes,Rarely,Other,Rarely,Yes,Never,Yes,2,No,3,3,Product recommendations,User interface,452667,"['Beauty and Personal Care', 'Clothing and Fashion']"
2023-06-09 16:28:30,48,Male,Multiple times a week,Groceries and Gourmet Food;Clothing and Fashion;Home and Kitchen;others,Yes,Few times a month,Other,Multiple pages,3,Maybe,Always,High shipping costs,Sometimes,Yes,Never,No,2,Yes,2,1,Competitive prices,Quality of product is very poor according to the big offers,241457,"['Groceries and Gourmet Food', 'Clothing and Fashion', 'Home and Kitchen', 'Other']"
2023-06-07 11:48:25,3,Male,Once a month,Home and Kitchen,No,Few times a week,Not specified,First page,1,Maybe,Never,Changed my mind or no longer need the item,Often,No,Moderately,No,5,No,2,1,Wide product selection,Scrolling option would be much better than going to next page,991268,['Home and Kitchen']
2023-06-12 15:40:25,8,Other,Few times a month,Beauty and Personal Care;Home and Kitchen;others,Yes,Multiple times a day,Other,First page,3,Yes,Always,High shipping costs,Often,No,Heavily,No,3,Yes,2,2,Customer service,Not specified,402222,"['Beauty and Personal Care', 'Home and Kitchen', 'Other']"
2023-06-04 22:37:00,44,Other,Once a week,Beauty and Personal Care;Clothing and Fashion,Yes,Rarely,Category Browsing,First page,4,No,Sometimes,Other,Sometimes,Yes,Heavily,Yes,5,Yes,1,2,Customer service,Nothing,313437,"['Beauty and Personal Care', 'Clothing and Fashion']"
2023-06-12 14:41:06,5,Prefer not to say,Less than once a month,Groceries and Gourmet Food;Beauty and Personal Care;Clothing and Fashion;Home and Kitchen,Yes,Multiple times a day,Filter,Multiple pages,3,Maybe,Always,Other,Always,No,Moderately,No,1,Yes,1,4,All the above,Shipping speed and reliability,915007,"['Groceries and Gourmet Food', 'Beauty and Personal Care', 'Clothing and Fashion', 'Home and Kitchen']"
2023-06-12 15:49:27,60,Prefer not to say,Once a week,Groceries and Gourmet Food;Clothing and Fashion;others,No,Few times a week,Not specified,Multiple pages,5,Maybe,Always,Changed my mind or no longer need the item,Often,Yes,Moderately,No,5,No,2,1,All the above,Shipping speed and reliability,885355,"['Groceries and Gourmet Food', 'Clothing and Fashion', 'Other']"
2023-06-06 09:45:55,18,Male,Once a week,Beauty and Personal Care;Clothing and Fashion;Home and Kitchen;others,Yes,Few times a month,Keyword Search,First page,2,Yes,Rarely,Changed my mind or no longer need the item,Never,No,Never,Yes,5,No,1,5,User-friendly website/app interface,Customer service responsiveness,583604,"['Beauty and Personal Care', 'Clothing and Fashion', 'Home and Kitchen', 'Other']"
2023-06-05 16:49:43,4,Prefer not to say,Less than once a month,Groceries and Gourmet Food;Home and Kitchen,Sometimes,Few times a week,Other,Multiple pages,4,Yes,Sometimes,Found a better price elsewhere,Always,No,Moderately,No,2,Yes,1,5,Quick delivery,Shipping speed and reliability,808425,"['Groceries and Gourmet Food', 'Home and Kitchen']"
2023-06-08 17:49:59,67,Other,Multiple times a week,Beauty and Personal Care;Clothing and Fashion;others,Sometimes,Few times a week,Category Browsing,Multiple pages,4,Yes,Rarely,Found a better price elsewhere,Rarely,No,Occasionally,No,5,Sometimes,4,4,Quick delivery,Nil,791209,"['Beauty and Personal Care', 'Clothing and Fashion', 'Other']"
2023-06-05 22:05:25,13,Other,Multiple times a week,Clothing and Fashion;Home and Kitchen,No,Few times a month,Not specified,First page,2,Maybe,Always,Changed my mind or no longer need the item,Always,Yes,Never,Yes,2,No,4,5,User-friendly website/app interface,better app interface and lower shipping charges,642380,"['Clothing and Fashion', 'Home and Kitchen']"
2023-06-08 17:19:41,58,Male,Once a month,Groceries and Gourmet Food;Beauty and Personal Care,Sometimes,Multiple times a day,Category Browsing,First page,3,Yes,Never,Other,Often,No,Heavily,Yes,4,Sometimes,3,1,Customer service,Add more familiar brands to the list,535035,"['Groceries and Gourmet Food', 'Beauty and Personal Care']"
2023-06-08 17:57:03,7,Male,Few times a month,Beauty and Personal Care;Clothing and Fashion,Sometimes,Few times a week,Other,First page,1,Yes,Sometimes,Other,Never,No,Rarely,No,4,No,1,5,User-friendly website/app interface,User interface,362934,"['Beauty and Personal Care', 'Clothing and Fashion']"
2023-06-07 23:08:52,25,Prefer not to say,Less than once a month,Groceries and Gourmet Food;Clothing and Fashion;Home and Kitchen,No,Few times a month,Filter,First page,4,Yes,Rarely,Found a better price elsewhere,Often,No,Heavily,Yes,4,No,1,2,All the above,Add more familiar brands to the list,818647,"['Groceries and Gourmet Food', 'Clothing and Fashion', 'Home and Kitchen']"
2023-06-05 07:16:40,33,Prefer not to say,Once a week,Groceries and Gourmet Food;Clothing and Fashion,No,Few times a month,Other,Multiple pages,1,No,Always,Changed my mind or no longer need the item,Never,No,Rarely,No,5,Yes,4,1,Not specified,Nil,447373,"['Groceries and Gourmet Food', 'Clothing and Fashion']"
2023-06-06 14:07:12,47,Prefer not to say,Less than once a month,Beauty and Personal Care,Yes,Few times a month,Keyword Search,First page,1,No,Rarely,Other,Always,No,Heavily,Yes,2,No,1,1,Customer service,Customer service responsiveness,680024,['Beauty and Personal Care']
2023-06-08 22:40:33,23,Female,Less than once a month,Clothing and Fashion,No,Multiple times a day,Filter,Multiple pages,5,Maybe,Often,High shipping costs,Always,Yes,Moderately,Yes,4,Sometimes,1,5,Quick delivery,Irrelevant product suggestions,276117,['Clothing and Fashion']
2023-06-06 09:59:35,55,Prefer not to say,Once a week,Clothing and Fashion;Home and Kitchen,Sometimes,Few times a month,Other,First page,5,No,Never,Found a better price elsewhere,Sometimes,No,Heavily,Yes,1,Sometimes,1,3,Customer service,Quality of product is very poor according to the big offers,513452,"['Clothing and Fashion', 'Home and Kitchen']"
2023-06-09 09:33:35,55,Female,Multiple times a week,Groceries and Gourmet Food;Beauty and Personal Care;others,Yes,Few times a week,Keyword Search,Multiple pages,3,No,Rarely,Found a better price elsewhere,Never,No,Occasionally,Sometimes,4,Sometimes,3,1,Customer service,Customer service responsiveness,150583,"['Groceries and Gourmet Food', 'Beauty and Personal Care', 'Other']"
2023-06-11 23:06:52,20,Other,Once a week,Groceries and Gourmet Food;Beauty and Personal Care;Clothing and Fashion;Home and Kitchen,No,Multiple times a day,Keyword Search,Multiple pages,4,Yes,Never,Other,Rarely,Yes,Heavily,Yes,3,No,5,1,Wide product selection,Nothing,512979,"['Groceries and Gourmet Food', 'Beauty and Personal Care', 'Clothing and Fashion', 'Home and Kitchen']"
2023-06-07 18:30:43,41,Other,Once a week,Beauty and Personal Care;Clothing and Fashion,No,Few times a month,Other,First page,1,Maybe,Sometimes,Found a better price elsewhere,Often,Yes,Rarely,No,2,Yes,2,4,Customer service,UI,218072,"['Beauty and Personal Care', 'Clothing and Fashion']"
2023-06-08 03:25:14,43,Prefer not to say,Once a month,Groceries and Gourmet Food;Beauty and Personal Care;others,Sometimes,Rarely,Category Browsing,First page,4,Maybe,Never,Other,Sometimes,No,Occasionally,Sometimes,3,Yes,1,3,Not specified,Quality of product is very poor according to the big offers,219672,"['Groceries and Gourmet Food', 'Beauty and Personal Care', 'Other']"
2023-06-05 04:26:25,14,Female,Multiple times a week,Groceries and Gourmet Food;Clothing and Fashion;Home and Kitchen,Sometimes,Few times a month,Not specified,Multiple pages,4,Maybe,Rarely,High shipping costs,Never,Yes,Heavily,No,1,Sometimes,3,5,Customer service,Product quality and accuracy,727744,"['Groceries and Gourmet Food', 'Clothing and Fashion', 'Home and Kitchen']"
2023-06-05 16:46:52,41,Male,Once a month,Clothing and Fashion;others,No,Rarely,Category Browsing,First page,1,Maybe,Never,Found a better price elsewhere,Often,No,Rarely,Yes,1,No,2,3,Customer service,User interface of app,485040,"['Clothing and Fashion', 'Other']"
2023-06-06 18:44:04,13,Prefer not to say,Once a month,Groceries and Gourmet Food;Clothing and Fashion;Home and Kitchen;others,No,Few times a month,Category Browsing,First page,5,Maybe,Often,Other,Rarely,No,Heavily,No,5,No,2,4,User-friendly website/app interface,Scrolling option would be much better than going to next page,720879,"['Groceries and Gourmet Food', 'Clothing and Fashion', 'Home and Kitchen', 'Other']"
2023-06-09 10:30:39,14,Prefer not to say,Multiple times a week,Clothing and Fashion;others,No,Few times a month,Keyword Search,First page,4,Maybe,Sometimes,Changed my mind or no longer need the item,Often,No,Occasionally,Sometimes,1,No,5,3,Product recommendations,Add more familiar brands to the list,101357,"['Clothing and Fashion', 'Other']"
2023-06-09 15:09:41,18,Female,Less than once a month,Groceries and Gourmet Food;Clothing and Fashion;others,Sometimes,Multiple times a day,Category Browsing,Multiple pages,3,Yes,Sometimes,Found a better price elsewhere,Sometimes,No,Occasionally,No,1,Yes,1,3,Product recommendations,No problems with Amazon,702224,"['Groceries and Gourmet Food', 'Clothing and Fashion', 'Other']"
2023-06-09 10:22:03,42,Prefer not to say,Once a week,Beauty and Personal Care;Home and Kitchen,No,Few times a month,Keyword Search,Multiple pages,2,No,Often,Found a better price elsewhere,Sometimes,Yes,Moderately,Sometimes,1,No,1,3,Competitive prices,Product quality and accuracy,998820,"['Beauty and Personal Care', 'Home and Kitchen']"
2023-06-07 14:40:30,11,Male,Once a week,Groceries and Gourmet Food,Yes,Few times a month,Filter,Multiple pages,1,No,Rarely,Found a better price elsewhere,Sometimes,Yes,Moderately,Yes,3,No,3,4,Customer service,Nil,673241,['Groceries and Gourmet Food']
2023-06-11 23:19:12,41,Other,Once a week,Clothing and Fashion;Home and Kitchen;others,Sometimes,Rarely,Keyword Search,Multiple pages,4,Yes,Often,Changed my mind or no longer need the item,Always,Yes,Rarely,No,5,Yes,5,3,Quick delivery,better app interface and lower shipping charges,307554,"['Clothing and Fashion', 'Home and Kitchen', 'Other']"
2023-06-05 22:08:15,38,Other,Less than once a month,Clothing and Fashion;others,Yes,Few times a month,Filter,Multiple pages,4,Yes,Sometimes,Changed my mind or no longer need the item,Never,Yes,Never,Yes,5,Yes,2,4,All the above,Quality of product is very poor according to the big offers,895906,"['Clothing and Fashion', 'Other']"
2023-06-11 23:17:41,11,Other,Once a week,Home and Kitchen,Yes,Multiple times a day,Keyword Search,First page,2,Maybe,Rarely,Changed my mind or no longer need the item,Sometimes,No,Moderately,Sometimes,3,Sometimes,2,4,Not specified,Nothing,586458,['Home and Kitchen']
2023-06-12 15:55:53,27,Prefer not to say,Less than once a month,Home and Kitchen,Sometimes,Few times a week,Category Browsing,First page,1,Yes,Often,Other,Rarely,Yes,Moderately,Yes,4,Sometimes,3,5,Product recommendations,Reducing packaging waste,596757,['Home and Kitchen']
2023-06-04 22:13:28,65,Female,Multiple times a week,Groceries and Gourmet Food;Clothing and Fashion;others,No,Few times a week,Not specified,First page,3,Yes,Always,Changed my mind or no longer need the item,Never,No,Moderately,Yes,1,No,4,5,Wide product selection,User interface,917970,"['Groceries and Gourmet Food', 'Clothing and Fashion', 'Other']"
2023-06-06 13:06:16,4,Female,Multiple times a week,Groceries and Gourmet Food;Clothing and Fashion;Home and Kitchen;others,No,Few times a month,Keyword Search,Multiple pages,2,Maybe,Never,Changed my mind or no longer need the item,Often,Yes,Never,Sometimes,3,Sometimes,4,5,Customer service,Quality of product is very poor according to the big offers,653756,"['Groceries and Gourmet Food', 'Clothing and Fashion', 'Home and Kitchen', 'Other']"
2023-06-05 22:07:33,54,Prefer not to say,Once a week,others,Yes,Few times a week,Filter,Multiple pages,2,No,Always,Found a better price elsewhere,Sometimes,Yes,Heavily,No,1,Sometimes,1,5,Not specified,Not specified,137500,['Other']
2023-06-05 22:08:15,4,Other,Less than once a month,Groceries and Gourmet Food;Beauty and Personal Care;Home and Kitchen,Yes,Rarely,Other,First page,5,Yes,Never,High shipping costs,Always,Yes,Never,Yes,2,Yes,1,1,Wide product selection,Scrolling option would be much better than going to next page,146081,"['Groceries and Gourmet Food', 'Beauty and Personal Care', 'Home and Kitchen']"
2023-06-11 23:15:37,48,Prefer not to say,Few times a month,Home and Kitchen,Yes,Multiple times a day,Filter,First page,3,Yes,Rarely,Other,Often,Yes,Moderately,No,5,Yes,5,2,Not specified,Quality of product is very poor according to the big offers,426584,['Home and Kitchen']
2023-06-09 09:37:15,54,Female,Few times a month,Home and Kitchen,Sometimes,Few times a month,Not specified,Multiple pages,1,Maybe,Never,Found a better price elsewhere,Often,No,Moderately,No,5,No,3,2,Competitive prices,Product quality and accuracy,457090,['Home and Kitchen']
2023-06-11 23:25:09,67,Female,Few times a month,Groceries and Gourmet Food;Beauty and Personal Care;Home and Kitchen,Sometimes,Multiple times a day,Category Browsing,First page,4,No,Often,Changed my mind or no longer need the item,Rarely,No,Rarely,Sometimes,3,No,3,5,Wide product selection,No problems with Amazon,558339,"['Groceries and Gourmet Food', 'Beauty and Personal Care', 'Home and Kitchen']"
2023-06-06 18:51:13,24,Other,Few times a month,Clothing and Fashion;Home and Kitchen,Sometimes,Rarely,Keyword Search,Multiple pages,1,Maybe,Sometimes,Found a better price elsewhere,Often,Yes,Moderately,Sometimes,1,Yes,3,2,Customer service,Nil,963304,"['Clothing and Fashion', 'Home and Kitchen']"
2023-06-06 18:57:14,49,Male,Multiple times a week,Groceries and Gourmet Food;Home and Kitchen,No,Multiple times a day,Not specified,First page,4,Maybe,Always,Changed my mind or no longer need the item,Sometimes,Yes,Occasionally,Yes,5,Sometimes,5,3,Customer service,Irrelevant product suggestions,103257,"['Groceries and Gourmet Food', 'Home and Kitchen']"
2023-06-09 10:23:05,6,Other,Multiple times a week,Groceries and Gourmet Food;Beauty and Personal Care;Clothing and Fashion;Home and Kitchen;others,No,Few times a month,Filter,First page,1,Yes,Rarely,Changed my mind or no longer need the item,Rarely,No,Rarely,No,3,No,2,5,Quick delivery,UI,546186,"['Groceries and Gourmet Food', 'Beauty and Personal Care', 'Clothing and Fashion', 'Home and Kitchen', 'Other']"
2023-06-05 08:43:26,53,Male,Few times a month,Groceries and Gourmet Food;Beauty and Personal Care;Clothing and Fashion;Home and Kitchen;others,No,Few times a week,Not specified,Multiple pages,3,Yes,Often,Other,Sometimes,No,Rarely,Yes,3,No,3,5,Customer service,Product quality and accuracy,857823,"['Groceries and Gourmet Food', 'Beauty and Personal Care', 'Clothing and Fashion', 'Home and Kitchen', 'Other']"
2023-06-08 17:29:01,33,Female,Multiple times a week,Beauty and Personal Care;others,No,Few times a month,Category Browsing,First page,2,No,Sometimes,High shipping costs,Often,Yes,Rarely,No,1,No,5,1,Wide product selection,No problems with Amazon,791429,"['Beauty and Personal Care', 'Other']"
2023-06-11 22:49:05,25,Other,Once a month,Beauty and Personal Care;others,Yes,Few times a week,Other,First page,2,Yes,Often,Found a better price elsewhere,Always,Yes,Rarely,Sometimes,4,No,4,2,Product recommendations,I have no problem with Amazon yet. But others tell me about the refund issues,513745,"['Beauty and Personal Care', 'Other']"
2023-06-11 22:42:48,7,Male,Less than once a month,Beauty and Personal Care;Clothing and Fashion;Home and Kitchen,No,Few times a month,Keyword Search,Multiple pages,1,Yes,Never,Changed my mind or no longer need the item,Rarely,No,Never,No,2,No,4,4,Wide product selection,Shipping speed and reliability,503215,"['Beauty and Personal Care', 'Clothing and Fashion', 'Home and Kitchen']"
2023-06-05 18:49:25,60,Prefer not to say,Once a month,Beauty and Personal Care;Clothing and Fashion,Yes,Few times a week,Keyword Search,First page,4,Maybe,Sometimes,Other,Often,No,Occasionally,No,3,No,1,3,Customer service,UI,821531,"['Beauty and Personal Care', 'Clothing and Fashion']"
2023-06-08 17:25:27,9,Other,Once a month,Groceries and Gourmet Food;Clothing and Fashion;Home and Kitchen;others,No,Rarely,Other,First page,2,Maybe,Sometimes,Found a better price elsewhere,Always,Yes,Occasionally,Sometimes,3,Sometimes,1,1,Quick delivery,better app interface and lower shipping charges,290183,"['Groceries and Gourmet Food', 'Clothing and Fashion', 'Home and Kitchen', 'Other']"
2023-06-09 19:24:06,18,Other,Few times a month,Beauty and Personal Care;Home and Kitchen;others,No,Rarely,Filter,Multiple pages,4,Yes,Never,Found a better price elsewhere,Sometimes,No,Heavily,Yes,3,Yes,4,3,Competitive prices,I don't have any problem with Amazon,747793,"['Beauty and Personal Care', 'Home and Kitchen', 'Other']"
2023-06-08 17:55:15,55,Other,Less than once a month,others,Sometimes,Few times a week,Other,Multiple pages,3,Yes,Sometimes,Other,Often,Yes,Never,Sometimes,3,No,5,1,All the above,User interface,443622,['Other']
2023-06-09 19:28:09,53,Female,Few times a month,Clothing and Fashion;others,Yes,Few times a month,Other,Multiple pages,1,No,Rarely,Other,Always,Yes,Moderately,No,2,Yes,1,4,Customer service,I don't have any problem with Amazon,898719,"['Clothing and Fashion', 'Other']"
2023-06-05 09:56:58,56,Other,Once a month,Beauty and Personal Care;others,No,Multiple times a day,Not specified,First page,2,No,Sometimes,Other,Rarely,No,Occasionally,No,3,No,1,5,Quick delivery,UI,494799,"['Beauty and Personal Care', 'Other']"
2023-06-07 13:25:26,66,Female,Once a month,Groceries and Gourmet Food;Beauty and Personal Care;Clothing and Fashion,Sometimes,Multiple times a day,Keyword Search,Multiple pages,1,Yes,Always,Found a better price elsewhere,Never,Yes,Heavily,Sometimes,5,Yes,4,1,Customer service,Product quality and accuracy,367052,"['Groceries and Gourmet Food', 'Beauty and Personal Care', 'Clothing and Fashion']"
2023-06-08 07:33:15,24,Male,Once a week,Clothing and Fashion;Home and Kitchen,Yes,Multiple times a day,Not specified,Multiple pages,5,Maybe,Always,High shipping costs,Sometimes,No,Moderately,Yes,3,No,2,5,Wide product selection,I have no problem with Amazon yet. But others tell me about the refund issues,922201,"['Clothing and Fashion', 'Home and Kitchen']"
2023-06-12 15:40:25,56,Female,Multiple times a week,Groceries and Gourmet Food;Beauty and Personal Care;Clothing and Fashion;others,Yes,Few times a week,Other,First page,4,Yes,Never,Found a better price elsewhere,Rarely,No,Moderately,Yes,1,Yes,5,3,Wide product selection,UI,640343,"['Groceries and Gourmet Food', 'Beauty and Personal Care', 'Clothing and Fashion', 'Other']"
2023-06-11 23:16:58,46,Other,Few times a month,Groceries and Gourmet Food;Beauty and Personal Care,Yes,Few times a week,Other,Multiple pages,1,Maybe,Never,Other,Never,No,Never,Yes,1,No,5,2,Customer service,Product quality and accuracy,463351,"['Groceries and Gourmet Food', 'Beauty and Personal Care']"
2023-06-07 18:29:53,36,Prefer not to say,Less than once a month,Clothing and Fashion;Home and Kitchen,Yes,Few times a month,Keyword Search,First page,1,Maybe,Rarely,High shipping costs,Never,Yes,Moderately,Yes,5,No,1,2,Wide product selection,Add more familiar brands to the list,304809,"['Clothing and Fashion', 'Home and Kitchen']"
2023-06-07 22:17:40,29,Prefer not to say,Few times a month,Groceries and Gourmet Food;Home and Kitchen,Yes,Few times a month,Filter,Multiple pages,2,No,Rarely,High shipping costs,Always,Yes,Never,Yes,1,No,5,2,Customer service,Nothing,799335,"['Groceries and Gourmet Food', 'Home and Kitchen']"
2023-06-05 22:08:15,41,Male,Once a week,Groceries and Gourmet Food;Beauty and Personal Care,Sometimes,Multiple times a day,Filter,First page,2,Maybe,Rarely,High shipping costs,Always,No,Never,Yes,1,Sometimes,4,3,Not specified,Scrolling option would be much better than going to next page,390724,"['Groceries and Gourmet Food', 'Beauty and Personal Care']"
2023-06-04 13:28:19,41,Prefer not to say,Once a week,others,No,Rarely,Category Browsing,First page,3,Yes,Never,Changed my mind or no longer need the item,Sometimes,Yes,Rarely,Yes,2,No,4,3,Wide product selection,Scrolling option would be much better than going to next page,368298,['Other']
2023-06-07 13:05:41,4,Prefer not to say,Less than once a month,Groceries and Gourmet Food;Beauty and Personal Care;Clothing and Fashion;Home and Kitchen;others,No,Few times a week,Other,First page,5,No,Sometimes,Other,Rarely,Yes,Occasionally,No,5,Yes,1,4,Not specified,UI,838614,"['Groceries and Gourmet Food', 'Beauty and Personal Care', 'Clothing and Fashion', 'Home and Kitchen', 'Other']"
2023-06-05 00:02:56,25,Female,Once a week,Groceries and Gourmet Food;Beauty and Personal Care;Clothing and Fashion;Home and Kitchen;others,No,Few times a week,Category Browsing,Multiple pages,2,Yes,Sometimes,Changed my mind or no longer need the item,Rarely,No,Heavily,Sometimes,4,No,2,2,Not specified,Nothing,526934,"['Groceries and Gourmet Food', 'Beauty and Personal Care', 'Clothing and Fashion', 'Home and Kitchen', 'Other']"
2023-06-09 19:27:00,44,Male,Multiple times a week,Groceries and Gourmet Food;Beauty and Personal Care;others,No,Rarely,Filter,First page,4,Maybe,Always,Found a better price elsewhere,Often,No,Rarely,Sometimes,5,Yes,3,5,Not specified,better app interface and lower shipping charges,904710,"['Groceries and Gourmet Food', 'Beauty and Personal Care', 'Other']"
2023-06-07 12:36:04,66,Female,Once a month,Groceries and Gourmet Food;Beauty and Personal Care,No,Rarely,Filter,First page,5,Yes,Sometimes,High shipping costs,Never,Yes,Moderately,Sometimes,4,Yes,5,5,Customer service,Customer service responsiveness,312387,"['Groceries and Gourmet Food', 'Beauty and Personal Care']"
2023-06-07 11:48:25,9,Male,Once a week,Groceries and Gourmet Food;Beauty and Personal Care;Home and Kitchen,Yes,Multiple times a day,Filter,First page,5,No,Often,Found a better price elsewhere,Rarely,No,Rarely,No,2,No,2,1,Competitive prices,No problems with Amazon,393069,"['Groceries and Gourmet Food', 'Beauty and Personal Care', 'Home and Kitchen']"
2023-06-06 18:57:14,59,Other,Once a month,Groceries and Gourmet Food;Home and Kitchen;others,No,Few times a month,Category Browsing,Multiple pages,1,Maybe,Never,Other,Always,Yes,Rarely,Sometimes,3,No,3,4,User-friendly website/app interface,Add more familiar brands to the list,642226,"['Groceries and Gourmet Food', 'Home and Kitchen', 'Other']"
2023-06-05 00:39:14,67,Other,Few times a month,Clothing and Fashion,Yes,Few times a week,Category Browsing,Multiple pages,2,No,Never,Found a better price elsewhere,Always,Yes,Heavily,No,2,No,2,3,Customer service,Product quality and accuracy,773381,['Clothing and Fashion']
2023-06-06 18:42:00,16,Prefer not to say,Less than once a month,Groceries and Gourmet Food;Clothing and Fashion,Sometimes,Few times a month,Keyword Search,Multiple pages,3,No,Never,High shipping costs,Always,Yes,Rarely,Yes,1,Yes,1,3,Customer service,Nothing,506504,"['Groceries and Gourmet Food', 'Clothing and Fashion']"
2023-06-04 23:38:30,50,Prefer not to say,Once a month,Home and Kitchen;others,No,Rarely,Category Browsing,First page,5,Yes,Sometimes,Changed my mind or no longer need the item,Sometimes,No,Heavily,Sometimes,1,Sometimes,5,5,Wide product selection,I have no problem with Amazon yet. But others tell me about the refund issues,655251,"['Home and Kitchen', 'Other']"
2023-06-04 19:23:21,3,Female,Few times a month,Groceries and Gourmet Food;Beauty and Personal Care;Clothing and Fashion,No,Few times a month,Filter,Multiple pages,5,Maybe,Never,High shipping costs,Always,Yes,Heavily,No,1,No,1,3,User-friendly website/app interface,Scrolling option would be much better than going to next page,635718,"['Groceries and Gourmet Food', 'Beauty and Personal Care', 'Clothing and Fashion']"
2023-06-04 20:45:45,65,Male,Few times a month,Beauty and Personal Care;Home and Kitchen,No,Few times a month,Not specified,Multiple pages,1,Yes,Never,Found a better price elsewhere,Never,Yes,Occasionally,Yes,3,Sometimes,3,3,Wide product selection,Add more familiar brands to the list,222159,"['Beauty and Personal Care', 'Home and Kitchen']"
2023-06-07 21:21:10,22,Other,Once a week,Home and Kitchen;others,No,Few times a week,Keyword Search,Multiple pages,3,No,Sometimes,Other,Often,Yes,Heavily,Sometimes,3,No,1,3,User-friendly website/app interface,better app interface and lower shipping charges,603620,"['Home and Kitchen', 'Other']"
2023-06-12 15:57:52,30,Other,Once a week,Groceries and Gourmet Food;Home and Kitchen;others,Sometimes,Few times a week,Other,First page,1,No,Often,Other,Sometimes,Yes,Never,Sometimes,2,No,1,3,All the above,Customer service responsiveness,544766,"['Groceries and Gourmet Food', 'Home and Kitchen', 'Other']"
2023-06-08 18:39:59,16,Female,Less than once a month,Clothing and Fashion;Home and Kitchen,No,Rarely,Other,Multiple pages,5,Yes,Never,Changed my mind or no longer need the item,Never,Yes,Heavily,Sometimes,1,No,5,4,Wide product selection,Customer service responsiveness,325627,"['Clothing and Fashion', 'Home and Kitchen']"
2023-06-04 23:57:10,7,Male,Once a month,Beauty and Personal Care;Clothing and Fashion;others,No,Rarely,Filter,First page,2,No,Never,High shipping costs,Sometimes,No,Never,No,2,Sometimes,5,5,All the above,Nothing,387221,"['Beauty and Personal Care', 'Clothing and Fashion', 'Other']"
2023-06-05 13:45:30,20,Prefer not to say,Few times a month,Groceries and Gourmet Food;Beauty and Personal Care;Clothing and Fashion;Home and Kitchen;others,Sometimes,Few times a month,Other,First page,2,No,Never,Other,Rarely,Yes,Rarely,Yes,1,Yes,2,4,Customer service,User interface,531616,"['Groceries and Gourmet Food', 'Beauty and Personal Care', 'Clothing and Fashion', 'Home and Kitchen', 'Other']"
2023-06-09 09:35:57,20,Female,Multiple times a week,Clothing and Fashion,No,Rarely,Category Browsing,Multiple pages,3,Yes,Always,Other,Sometimes,No,Never,Yes,4,No,1,3,Competitive prices,Customer service responsiveness,447479,['Clothing and Fashion']
2023-06-16 09:16:05,22,Female,Few times a month,Beauty and Personal Care;Clothing and Fashion;Home and Kitchen,Sometimes,Few times a month,Not specified,Multiple pages,4,No,Always,High shipping costs,Always,No,Never,No,1,No,3,2,Customer service,I don't have any problem with Amazon,295328,"['Beauty and Personal Care', 'Clothing and Fashion', 'Home and Kitchen']"
2023-06-07 12:23:07,25,Other,Multiple times a week,Home and Kitchen;others,Yes,Few times a month,Other,First page,5,Maybe,Always,High shipping costs,Sometimes,No,Occasionally,Sometimes,3,Sometimes,3,5,Quick delivery,better app interface and lower shipping charges,626900,"['Home and Kitchen', 'Other']"
2023-06-08 17:28:47,5,Prefer not to say,Once a week,Groceries and Gourmet Food;Beauty and Personal Care;others,Yes,Few times a month,Other,First page,2,Maybe,Never,Other,Rarely,Yes,Occasionally,No,4,Sometimes,5,1,Quick delivery,No problems with Amazon,222504,"['Groceries and Gourmet Food', 'Beauty and Personal Care', 'Other']"
2023-06-08 17:49:56,56,Female,Multiple times a week,Beauty and Personal Care;Clothing and Fashion;Home and Kitchen,No,Few times a week,Not specified,First page,3,Maybe,Sometimes,Changed my mind or no longer need the item,Never,Yes,Heavily,No,5,Sometimes,3,1,Customer service,UI,856966,"['Beauty and Personal Care', 'Clothing and Fashion', 'Home and Kitchen']"
2023-06-07 14:16:43,18,Female,Few times a month,Beauty and Personal Care;Clothing and Fashion;Home and Kitchen,Yes,Few times a month,Category Browsing,Multiple pages,5,Maybe,Often,Found a better price elsewhere,Sometimes,No,Occasionally,Sometimes,4,Yes,5,5,All the above,Quality of product is very poor according to the big offers,843465,"['Beauty and Personal Care', 'Clothing and Fashion', 'Home and Kitchen']"
2023-06-05 20:49:12,37,Prefer not to say,Once a month,Beauty and Personal Care;Home and Kitchen;others,Sometimes,Multiple times a day,Other,First page,3,No,Never,Found a better price elsewhere,Never,Yes,Moderately,No,5,No,5,2,Not specified,User interface,250771,"['Beauty and Personal Care', 'Home and Kitchen', 'Other']"
2023-06-08 17:30:34,16,Male,Multiple times a week,Home and Kitchen;others,Yes,Rarely,Other,Multiple pages,3,No,Always,Changed my mind or no longer need the item,Often,No,Rarely,Yes,5,No,4,2,All the above,Product quality and accuracy,461429,"['Home and Kitchen', 'Other']"
2023-06-08 16:29:56,44,Female,Once a month,Groceries and Gourmet Food;Beauty and Personal Care;Clothing and Fashion;others,No,Multiple times a day,Not specified,First page,2,Yes,Never,Changed my mind or no longer need the item,Sometimes,No,Never,Sometimes,4,Sometimes,4,5,Product recommendations,Scrolling option would be much better than going to next page,350060,"['Groceries and Gourmet Food', 'Beauty and Personal Care', 'Clothing and Fashion', 'Other']"
2023-06-04 18:01:59,39,Male,Multiple times a week,Groceries and Gourmet Food;Beauty and Personal Care,Sometimes,Few times a week,Category Browsing,Multiple pages,4,No,Sometimes,Found a better price elsewhere,Sometimes,Yes,Rarely,Yes,3,Yes,1,2,Quick delivery,better app interface and lower shipping charges,865415,"['Groceries and Gourmet Food', 'Beauty and Personal Care']"
2023-06-05 20:49:12,48,Male,Once a month,Beauty and Personal Care;others,Yes,Multiple times a day,Category Browsing,Multiple pages,3,Maybe,Often,Found a better price elsewhere,Often,No,Heavily,Sometimes,5,Sometimes,2,3,Not specified,better app interface and lower shipping charges,840560,"['Beauty and Personal Care', 'Other']"
2023-06-09 10:23:05,15,Other,Once a week,Groceries and Gourmet Food;Clothing and Fashion,No,Multiple times a day,Other,First page,3,No,Always,Changed my mind or no longer need the item,Sometimes,No,Moderately,No,3,Sometimes,1,5,Wide product selection,Add more familiar brands to the list,241303,"['Groceries and Gourmet Food', 'Clothing and Fashion']"
2023-06-07 18:16:51,65,Male,Less than once a month,Groceries and Gourmet Food,No,Multiple times a day,Not specified,First page,5,Yes,Always,High shipping costs,Always,No,Moderately,Sometimes,4,Yes,5,5,User-friendly website/app interface,better app interface and lower shipping charges,938045,['Groceries and Gourmet Food']
2023-06-08 03:28:23,49,Other,Once a week,Beauty and Personal Care;Clothing and Fashion;others,No,Few times a month,Category Browsing,Multiple pages,3,Yes,Never,High shipping costs,Sometimes,Yes,Never,Yes,1,Yes,4,1,Quick delivery,Reducing packaging waste,627531,"['Beauty and Personal Care', 'Clothing and Fashion', 'Other']"
2023-06-06 18:48:26,34,Female,Once a month,Beauty and Personal Care;others,No,Multiple times a day,Not specified,First page,3,Maybe,Sometimes,High shipping costs,Rarely,Yes,Heavily,No,4,No,4,3,Quick delivery,Nothing,133197,"['Beauty and Personal Care', 'Other']"
2023-06-06 10:19:05,58,Other,Multiple times a week,Groceries and Gourmet Food;Beauty and Personal Care;Home and Kitchen,Yes,Rarely,Not specified,Multiple pages,4,Yes,Often,High shipping costs,Rarely,No,Occasionally,Yes,1,No,4,5,Not specified,Add more familiar brands to the list,742591,"['Groceries and Gourmet Food', 'Beauty and Personal Care', 'Home and Kitchen']"
2023-06-09 19:24:57,56,Prefer not to say,Once a week,Groceries and Gourmet Food;Clothing and Fashion;Home and Kitchen,Yes,Rarely,Category Browsing,Multiple pages,4,Yes,Rarely,Found a better price elsewhere,Sometimes,No,Occasionally,Sometimes,1,No,1,5,Wide product selection,Quality of product is very poor according to the big offers,906101,"['Groceries and Gourmet Food', 'Clothing and Fashion', 'Home and Kitchen']"
2023-06-08 17:37:13,33,Female,Once a month,Beauty and Personal Care;Clothing and Fashion;Home and Kitchen;others,Yes,Few times a week,Keyword Search,Multiple pages,5,Yes,Often,Found a better price elsewhere,Never,Yes,Occasionally,Sometimes,4,Sometimes,4,4,Product recommendations,User interface,251094,"['Beauty and Personal Care', 'Clothing and Fashion', 'Home and Kitchen', 'Other']"
2023-06-05 14:28:10,46,Male,Multiple times a week,Beauty and Personal Care;Clothing and Fashion;Home and Kitchen;others,Yes,Few times a week,Filter,First page,3,No,Never,Found a better price elsewhere,Often,No,Heavily,Sometimes,3,Sometimes,5,4,Customer service,Customer service responsiveness,772871,"['Beauty and Personal Care', 'Clothing and Fashion', 'Home and Kitchen', 'Other']"
2023-06-06 19:42:51,9,Prefer not to say,Few times a month,Groceries and Gourmet Food;Beauty and Personal Care;Clothing and Fashion;others,No,Rarely,Other,First page,4,No,Never,High shipping costs,Sometimes,Yes,Moderately,Yes,5,No,4,3,Not specified,Nothing,474306,"['Groceries and Gourmet Food', 'Beauty and Personal Care', 'Clothing and Fashion', 'Other']"
2023-06-08 17:37:13,66,Prefer not to say,Multiple times a week,Clothing and Fashion,Yes,Few times a week,Category Browsing,First page,5,No,Rarely,High shipping costs,Always,Yes,Heavily,Sometimes,3,Sometimes,2,3,All the above,Product quality and accuracy,376248,['Clothing and Fashion']
2023-06-11 09:53:31,45,Other,Few times a month,Home and Kitchen;others,Yes,Rarely,Filter,Multiple pages,2,No,Never,High shipping costs,Always,No,Moderately,No,2,Yes,3,3,Customer service,UI,948730,"['Home and Kitchen', 'Other']"
2023-06-07 13:00:08,3,Male,Less than once a month,Clothing and Fashion;others,No,Multiple times a day,Other,Multiple pages,4,Yes,Always,Changed my mind or no longer need the item,Never,No,Rarely,Yes,5,Sometimes,2,2,Customer service,Scrolling option would be much better than going to next page,201824,"['Clothing and Fashion', 'Other']"
2023-06-06 10:03:52,60,Other,Once a month,others,Yes,Few times a week,Not specified,First page,4,Maybe,Often,Found a better price elsewhere,Rarely,No,Heavily,Sometimes,4,Sometimes,3,5,Product recommendations,User interface of app,209974,['Other']
2023-06-06 19:41:36,62,Female,Once a month,Groceries and Gourmet Food;Clothing and Fashion;Home and Kitchen,Sometimes,Few times a month,Keyword Search,Multiple pages,5,Maybe,Often,High shipping costs,Never,Yes,Moderately,No,2,No,1,3,User-friendly website/app interface,Quality of product is very poor according to the big offers,519149,"['Groceries and Gourmet Food', 'Clothing and Fashion', 'Home and Kitchen']"
2023-06-05 20:44:09,32,Prefer not to say,Few times a month,Groceries and Gourmet Food;Beauty and Personal Care;Clothing and Fashion;others,Sometimes,Few times a month,Category Browsing,Multiple pages,4,Yes,Sometimes,High shipping costs,Never,Yes,Occasionally,Yes,2,No,2,5,Quick delivery,I have no problem with Amazon yet. But others tell me about the refund issues,344930,"['Groceries and Gourmet Food', 'Beauty and Personal Care', 'Clothing and Fashion', 'Other']"
2023-06-04 20:52:49,24,Male,Multiple times a week,Beauty and Personal Care;Clothing and Fashion;others,No,Few times a week,Not specified,First page,2,Maybe,Often,Found a better price elsewhere,Sometimes,No,Rarely,Yes,1,Yes,5,2,Not specified,Scrolling option would be much better than going to next page,994799,"['Beauty and Personal Care', 'Clothing and Fashion', 'Other']"
2023-06-08 17:52:26,6,Other,Few times a month,Groceries and Gourmet Food;Clothing and Fashion;Home and Kitchen;others,Yes,Multiple times a day,Filter,Multiple pages,1,Maybe,Never,Found a better price elsewhere,Never,Yes,Rarely,Sometimes,1,Sometimes,2,1,Product recommendations,I have no problem with Amazon yet. But others tell me about the refund issues,361900,"['Groceries and Gourmet Food', 'Clothing and Fashion', 'Home and Kitchen', 'Other']"
2023-06-07 23:03:50,17,Female,Multiple times a week,Groceries and Gourmet Food;Beauty and Personal Care;others,Sometimes,Rarely,Filter,Multiple pages,1,Maybe,Often,Other,Often,Yes,Occasionally,Sometimes,2,Yes,2,5,Customer service,I don't have any problem with Amazon,900878,"['Groceries and Gourmet Food', 'Beauty and Personal Care', 'Other']"
2023-06-09 16:30:40,40,Female,Few times a month,Beauty and Personal Care;Home and Kitchen;others,Yes,Rarely,Category Browsing,First page,5,Yes,Often,High shipping costs,Never,Yes,Heavily,Yes,2,Yes,4,4,Customer service,Reducing packaging waste,715521,"['Beauty and Personal Care', 'Home and Kitchen', 'Other']"
2023-06-08 22:38:16,47,Prefer not to say,Few times a month,Clothing and Fashion,No,Multiple times a day,Other,First page,5,Maybe,Often,Other,Sometimes,Yes,Rarely,Yes,2,Sometimes,1,1,Wide product selection,Irrelevant product suggestions,445757,['Clothing and Fashion']
2023-06-07 12:01:15,59,Female,Few times a month,Groceries and Gourmet Food;Beauty and Personal Care;Home and Kitchen,Sometimes,Multiple times a day,Other,First page,5,Maybe,Often,High shipping costs,Often,Yes,Moderately,No,4,Sometimes,3,4,User-friendly website/app interface,Quality of product is very poor according to the big offers,313124,"['Groceries and Gourmet Food', 'Beauty and Personal Care', 'Home and Kitchen']"
2023-06-08 21:39:55,44,Male,Less than once a month,Beauty and Personal Care;Clothing and Fashion,Yes,Multiple times a day,Other,Multiple pages,2,No,Sometimes,Found a better price elsewhere,Always,Yes,Rarely,Sometimes,2,Sometimes,5,4,All the above,Irrelevant product suggestions,125855,"['Beauty and Personal Care', 'Clothing and Fashion']"
2023-06-08 03:27:23,40,Female,Once a week,Groceries and Gourmet Food;Beauty and Personal Care;Clothing and Fashion,Sometimes,Rarely,Not specified,Multiple pages,3,Maybe,Never,High shipping costs,Sometimes,No,Heavily,Sometimes,3,Sometimes,3,4,User-friendly website/app interface,better app interface and lower shipping charges,941756,"['Groceries and Gourmet Food', 'Beauty and Personal Care', 'Clothing and Fashion']"
2023-06-09 10:59:38,15,Other,Few times a month,Groceries and Gourmet Food;Clothing and Fashion;Home and Kitchen;others,Yes,Multiple times a day,Category Browsing,Multiple pages,4,Yes,Never,High shipping costs,Never,Yes,Moderately,Sometimes,4,Sometimes,1,4,Product recommendations,User interface of app,199693,"['Groceries and Gourmet Food', 'Clothing and Fashion', 'Home and Kitchen', 'Other']"
2023-06-07 22:20:09,22,Female,Few times a month,Groceries and Gourmet Food;Beauty and Personal Care;Home and Kitchen,Yes,Few times a month,Other,First page,1,Maybe,Never,Changed my mind or no longer need the item,Always,Yes,Occasionally,Yes,4,No,5,3,Wide product selection,Scrolling option would be much better than going to next page,959487,"['Groceries and Gourmet Food', 'Beauty and Personal Care', 'Home and Kitchen']"
2023-06-10 14:41:51,13,Other,Once a week,Groceries and Gourmet Food;Beauty and Personal Care;Clothing and Fashion,No,Multiple times a day,Not specified,First page,2,No,Never,High shipping costs,Sometimes,No,Heavily,Sometimes,4,No,1,1,Customer service,UI,996485,"['Groceries and Gourmet Food', 'Beauty and Personal Care', 'Clothing and Fashion']"
2023-06-08 17:27:22,62,Other,Once a week,Home and Kitchen,Yes,Rarely,Filter,First page,3,Maybe,Sometimes,Other,Always,Yes,Occasionally,Yes,5,Sometimes,1,5,Competitive prices,User interface,328749,['Home and Kitchen']
2023-06-08 17:23:08,42,Female,Once a month,Groceries and Gourmet Food;Home and Kitchen;others,Yes,Few times a week,Category Browsing,Multiple pages,5,Yes,Often,High shipping costs,Always,Yes,Heavily,Yes,1,Sometimes,3,2,Competitive prices,Quality of product is very poor according to the big offers,169827,"['Groceries and Gourmet Food', 'Home and Kitchen', 'Other']"
2023-06-07 21:23:41,25,Other,Once a week,Home and Kitchen;others,Yes,Rarely,Category Browsing,Multiple pages,5,Yes,Never,High shipping costs,Sometimes,No,Occasionally,Yes,3,Sometimes,2,5,User-friendly website/app interface,Irrelevant product suggestions,978147,"['Home and Kitchen', 'Other']"
2023-06-04 20:49:49,34,Male,Less than once a month,others,Sometimes,Rarely,Category Browsing,Multiple pages,3,Yes,Rarely,Other,Often,Yes,Rarely,No,4,No,2,5,Customer service,UI,553845,['Other']
2023-06-09 19:27:00,36,Prefer not to say,Multiple times a week,Groceries and Gourmet Food;Beauty and Personal Care;Home and Kitchen,Sometimes,Multiple times a day,Not specified,Multiple pages,3,No,Often,Changed my mind or no longer need the item,Rarely,Yes,Occasionally,Yes,3,No,2,5,Not specified,User interface of app,498150,"['Groceries and Gourmet Food', 'Beauty and Personal Care', 'Home and Kitchen']"
2023-06-07 15:56:01,5,Other,Once a week,Beauty and Personal Care;Clothing and Fashion,No,Rarely,Not specified,Multiple pages,2,Maybe,Always,High shipping costs,Often,No,Never,Sometimes,1,Yes,1,3,Customer service,Quality of product is very poor according to the big offers,162271,"['Beauty and Personal Care', 'Clothing and Fashion']"
2023-06-11 23:08:35,30,Prefer not to say,Once a week,Groceries and Gourmet Food;Beauty and Personal Care;Clothing and Fashion;others,Yes,Few times a week,Keyword Search,First page,1,Maybe,Always,Other,Sometimes,No,Rarely,Yes,2,No,3,3,Customer service,Customer service responsiveness,542810,"['Groceries and Gourmet Food', 'Beauty and Personal Care', 'Clothing and Fashion', 'Other']"
2023-06-09 16:31:33,37,Other,Once a month,Beauty and Personal Care,Sometimes,Few times a week,Not specified,Multiple pages,3,Yes,Never,Changed my mind or no longer need the item,Sometimes,Yes,Never,No,2,No,1,5,Wide product selection,I don't have any problem with Amazon,942285,['Beauty and Personal Care']
2023-06-11 14:07:39,40,Male,Multiple times a week,Beauty and Personal Care;others,Yes,Few times a week,Other,First page,3,Maybe,Always,Other,Always,No,Never,No,3,Yes,5,2,Competitive prices,Add more familiar brands to the list,316617,"['Beauty and Personal Care', 'Other']"
2023-06-06 18:34:44,34,Male,Multiple times a week,Groceries and Gourmet Food;Home and Kitchen,No,Few times a week,Filter,First page,4,Yes,Often,Other,Never,Yes,Heavily,Yes,2,Sometimes,1,5,User-friendly website/app interface,Irrelevant product suggestions,313049,"['Groceries and Gourmet Food', 'Home and Kitchen']"
2023-06-09 14:23:03,66,Female,Once a month,Beauty and Personal Care;Clothing and Fashion,Yes,Few times a week,Keyword Search,First page,5,Maybe,Rarely,Other,Rarely,Yes,Never,Yes,2,No,4,4,Quick delivery,User interface of app,379137,"['Beauty and Personal Care', 'Clothing and Fashion']"
2023-06-08 17:36:14,61,Other,Multiple times a week,Beauty and Personal Care;Clothing and Fashion;Home and Kitchen,Yes,Few times a week,Not specified,First page,4,No,Often,Changed my mind or no longer need the item,Rarely,Yes,Rarely,Yes,5,Sometimes,1,5,Not specified,Add more familiar brands to the list,442079,"['Beauty and Personal Care', 'Clothing and Fashion', 'Home and Kitchen']"
2023-06-07 03:08:03,36,Male,Once a week,Groceries and Gourmet Food;Beauty and Personal Care;Clothing and Fashion;Home and Kitchen,Sometimes,Few times a month,Filter,First page,3,Yes,Never,Other,Rarely,Yes,Heavily,Yes,5,Sometimes,5,5,Wide product selection,Irrelevant product suggestions,956948,"['Groceries and Gourmet Food', 'Beauty and Personal Care', 'Clothing and Fashion', 'Home and Kitchen']"
2023-06-05 20:07:52,31,Prefer not to say,Once a week,Beauty and Personal Care;Home and Kitchen,No,Multiple times a day,Not specified,First page,4,No,Often,Changed my mind or no longer need the item,Always,Yes,Moderately,Sometimes,2,Yes,2,3,Competitive prices,No problems with Amazon,126093,"['Beauty and Personal Care', 'Home and Kitchen']"
2023-06-05 14:24:22,37,Prefer not to say,Few times a month,Beauty and Personal Care;Home and Kitchen,Yes,Few times a month,Category Browsing,First page,3,No,Often,High shipping costs,Always,No,Occasionally,Yes,4,No,1,4,Wide product selection,Product quality and accuracy,657879,"['Beauty and Personal Care', 'Home and Kitchen']"
2023-06-08 17:23:08,44,Prefer not to say,Once a month,Groceries and Gourmet Food;Beauty and Personal Care,No,Few times a month,Not specified,Multiple pages,4,No,Never,High shipping costs,Never,Yes,Rarely,Sometimes,2,Sometimes,5,5,Not specified,User interface of app,673357,"['Groceries and Gourmet Food', 'Beauty and Personal Care']"
2023-06-08 17:48:14,32,Female,Once a week,Groceries and Gourmet Food;Home and Kitchen,Yes,Multiple times a day,Other,First page,1,Maybe,Rarely,Other,Always,Yes,Heavily,No,1,Yes,4,4,Not specified,Scrolling option would be much better than going to next page,755499,"['Groceries and Gourmet Food', 'Home and Kitchen']"
2023-06-06 19:40:11,40,Prefer not to say,Once a month,Groceries and Gourmet Food;Clothing and Fashion;Home and Kitchen;others,Sometimes,Few times a week,Other,First page,4,Maybe,Often,Found a better price elsewhere,Always,No,Rarely,Sometimes,5,Yes,1,2,Competitive prices,Add more familiar brands to the list,455885,"['Groceries and Gourmet Food', 'Clothing and Fashion', 'Home and Kitchen', 'Other']"
2023-06-11 23:26:21,44,Male,Less than once a month,Beauty and Personal Care;Clothing and Fashion,Yes,Rarely,Other,Multiple pages,4,No,Rarely,Changed my mind or no longer need the item,Sometimes,No,Never,Yes,1,Yes,2,5,Product recommendations,No problems with Amazon,805199,"['Beauty and Personal Care', 'Clothing and Fashion']"
2023-06-09 10:23:45,64,Male,Once a week,others,Yes,Few times a week,Not specified,Multiple pages,4,Maybe,Always,Changed my mind or no longer need the item,Often,Yes,Rarely,Sometimes,5,Sometimes,1,2,Wide product selection,Product quality and accuracy,350385,['Other']
2023-06-06 20:01:47,58,Male,Few times a month,Beauty and Personal Care;Clothing and Fashion;Home and Kitchen,No,Rarely,Other,First page,3,Yes,Rarely,High shipping costs,Sometimes,Yes,Heavily,No,1,Yes,1,1,Wide product selection,Nil,148006,"['Beauty and Personal Care', 'Clothing and Fashion', 'Home and Kitchen']"
2023-06-08 22:24:19,63,Female,Once a week,Groceries and Gourmet Food;Clothing and Fashion,No,Few times a week,Keyword Search,First page,5,Maybe,Sometimes,Other,Sometimes,Yes,Never,Yes,5,Yes,1,1,Not specified,Add more familiar brands to the list,766191,"['Groceries and Gourmet Food', 'Clothing and Fashion']"
2023-06-07 14:16:43,46,Prefer not to say,Few times a month,Clothing and Fashion;others,No,Few times a week,Other,First page,3,No,Often,Other,Never,Yes,Never,Sometimes,2,No,2,5,All the above,No problems with Amazon,555657,"['Clothing and Fashion', 'Other']"
2023-06-09 16:32:00,19,Male,Once a week,Groceries and Gourmet Food,Sometimes,Multiple times a day,Category Browsing,Multiple pages,4,Maybe,Often,High shipping costs,Sometimes,Yes,Never,No,1,No,4,3,Customer service,Shipping speed and reliability,703260,['Groceries and Gourmet Food']
2023-06-08 17:59:25,29,Prefer not to say,Once a week,Groceries and Gourmet Food;Clothing and Fashion,No,Rarely,Not specified,Multiple pages,1,Maybe,Rarely,Changed my mind or no longer need the item,Never,No,Heavily,No,1,Sometimes,4,1,Product recommendations,Quality of product is very poor according to the big offers,367051,"['Groceries and Gourmet Food', 'Clothing and Fashion']"
2023-06-12 15:56:57,43,Other,Few times a month,Beauty and Personal Care;Clothing and Fashion;Home and Kitchen;others,Sometimes,Rarely,Filter,First page,1,No,Often,Changed my mind or no longer need the item,Never,No,Occasionally,No,5,Sometimes,1,2,Product recommendations,User interface,403111,"['Beauty and Personal Care', 'Clothing and Fashion', 'Home and Kitchen', 'Other']"
2023-06-09 10:26:26,6,Male,Once a month,Groceries and Gourmet Food;Clothing and Fashion;Home and Kitchen,Yes,Few times a week,Category Browsing,First page,4,No,Often,Found a better price elsewhere,Sometimes,Yes,Rarely,Yes,4,Yes,2,3,User-friendly website/app interface,Quality of product is very poor according to the big offers,118365,"['Groceries and Gourmet Food', 'Clothing and Fashion', 'Home and Kitchen']"
2023-06-09 10:23:05,59,Prefer not to say,Few times a month,Clothing and Fashion,No,Multiple times a day,Filter,First page,5,No,Often,High shipping costs,Never,No,Moderately,Sometimes,5,No,3,4,Not specified,Quality of product is very poor according to the big offers,904365,['Clothing and Fashion']
2023-06-08 22:24:19,32,Other,Less than once a month,Beauty and Personal Care;Home and Kitchen;others,Sometimes,Few times a month,Filter,Multiple pages,2,No,Often,Changed my mind or no longer need the item,Always,Yes,Never,No,3,Yes,4,5,User-friendly website/app interface,Scrolling option would be much better than going to next page,480337,"['Beauty and Personal Care', 'Home and Kitchen', 'Other']"
2023-06-06 18:42:00,10,Prefer not to say,Few times a month,Clothing and Fashion;others,Sometimes,Few times a week,Keyword Search,Multiple pages,2,Maybe,Sometimes,High shipping costs,Sometimes,Yes,Rarely,No,2,Sometimes,3,1,Quick delivery,Not specified,886720,"['Clothing and Fashion', 'Other']"
2023-06-11 23:24:21,14,Female,Once a week,Beauty and Personal Care;Home and Kitchen;others,No,Few times a month,Other,Multiple pages,3,Yes,Rarely,Found a better price elsewhere,Often,No,Heavily,No,1,No,3,2,Not specified,Nil,153093,"['Beauty and Personal Care', 'Home and Kitchen', 'Other']"
2023-06-11 23:16:18,13,Prefer not to say,Multiple times a week,Clothing and Fashion;Home and Kitchen,Yes,Few times a week,Keyword Search,First page,5,Yes,Never,Found a better price elsewhere,Rarely,Yes,Heavily,No,1,Yes,4,2,Not specified,Irrelevant product suggestions,968855,"['Clothing and Fashion', 'Home and Kitchen']"
2023-06-11 23:26:21,44,Other,Once a month,Beauty and Personal Care;Clothing and Fashion;Home and Kitchen,Yes,Few times a month,Keyword Search,First page,3,Yes,Always,Found a better price elsewhere,Always,Yes,Never,No,1,Sometimes,5,2,Not specified,Customer service responsiveness,291558,"['Beauty and Personal Care', 'Clothing and Fashion', 'Home and Kitchen']"
2023-06-12 14:43:30,62,Male,Less than once a month,Beauty and Personal Care;others,No,Few times a month,Category Browsing,Multiple pages,3,Maybe,Sometimes,Found a better price elsewhere,Sometimes,Yes,Rarely,Sometimes,5,No,2,1,Competitive prices,Quality of product is very poor according to the big offers,566200,"['Beauty and Personal Care', 'Other']"
2023-06-08 17:39:54,3,Female,Once a week,Home and Kitchen,Yes,Few times a week,Filter,First page,2,Maybe,Always,Found a better price elsewhere,Sometimes,Yes,Heavily,Yes,1,No,4,3,Competitive prices,Reducing packaging waste,903846,['Home and Kitchen']
2023-06-11 22:57:34,67,Female,Multiple times a week,Groceries and Gourmet Food,Sometimes,Few times a month,Other,Multiple pages,2,No,Often,Found a better price elsewhere,Always,No,Occasionally,Sometimes,3,Sometimes,1,2,All the above,Add more familiar brands to the list,294921,['Groceries and Gourmet Food']
2023-06-05 13:35:41,58,Other,Once a week,Beauty and Personal Care;Clothing and Fashion;Home and Kitchen;others,Sometimes,Rarely,Other,Multiple pages,1,Yes,Sometimes,High shipping costs,Never,No,Rarely,Sometimes,1,Yes,2,5,Quick delivery,UI,534668,"['Beauty and Personal Care', 'Clothing and Fashion', 'Home and Kitchen', 'Other']"
2023-06-08 17:30:34,65,Male,Once a week,Clothing and Fashion;others,No,Few times a month,Keyword Search,First page,2,Yes,Rarely,Other,Often,No,Rarely,Sometimes,2,No,3,3,Wide product selection,Nil,110454,"['Clothing and Fashion', 'Other']"
2023-06-10 23:21:59,63,Prefer not to say,Few times a month,Beauty and Personal Care,No,Few times a week,Category Browsing,First page,1,Yes,Always,High shipping costs,Sometimes,No,Rarely,Yes,4,Sometimes,3,3,Customer service,UI,856230,['Beauty and Personal Care']
2023-06-09 15:16:30,64,Other,Multiple times a week,others,Sometimes,Multiple times a day,Not specified,First page,1,No,Often,Other,Sometimes,No,Never,Yes,5,Yes,5,2,Wide product selection,UI,238361,['Other']
2023-06-09 12:22:47,19,Other,Once a week,Groceries and Gourmet Food;Clothing and Fashion;Home and Kitchen;others,Yes,Few times a month,Category Browsing,First page,5,Yes,Rarely,Changed my mind or no longer need the item,Often,No,Heavily,Yes,3,Sometimes,1,5,Product recommendations,User interface,825479,"['Groceries and Gourmet Food', 'Clothing and Fashion', 'Home and Kitchen', 'Other']"
2023-06-09 10:26:51,58,Female,Less than once a month,Clothing and Fashion;Home and Kitchen;others,Yes,Few times a week,Other,Multiple pages,1,No,Sometimes,High shipping costs,Always,No,Heavily,Yes,4,No,2,2,Competitive prices,Irrelevant product suggestions,427250,"['Clothing and Fashion', 'Home and Kitchen', 'Other']"
2023-06-11 23:20:18,63,Female,Once a month,Groceries and Gourmet Food;Home and Kitchen,Sometimes,Rarely,Keyword Search,Multiple pages,2,Maybe,Rarely,High shipping costs,Often,Yes,Occasionally,No,2,Yes,4,2,All the above,Reducing packaging waste,190379,"['Groceries and Gourmet Food', 'Home and Kitchen']"
2023-06-12 14:51:24,35,Male,Less than once a month,Groceries and Gourmet Food;Beauty and Personal Care;Home and Kitchen,Sometimes,Rarely,Not specified,First page,3,Yes,Sometimes,Found a better price elsewhere,Rarely,No,Heavily,Sometimes,3,No,1,5,All the above,better app interface and lower shipping charges,147829,"['Groceries and Gourmet Food', 'Beauty and Personal Care', 'Home and Kitchen']"
2023-06-05 20:46:09,53,Prefer not to say,Few times a month,Beauty and Personal Care;Home and Kitchen;others,Yes,Few times a month,Filter,First page,4,Yes,Often,Found a better price elsewhere,Often,No,Occasionally,Yes,4,Sometimes,2,3,Competitive prices,Customer service responsiveness,803998,"['Beauty and Personal Care', 'Home and Kitchen', 'Other']"
2023-06-12 16:00:56,16,Female,Less than once a month,Home and Kitchen;others,No,Few times a week,Keyword Search,First page,1,Maybe,Often,High shipping costs,Always,No,Never,No,3,No,5,5,All the above,User interface of app,621365,"['Home and Kitchen', 'Other']"
2023-06-08 17:30:12,49,Prefer not to say,Multiple times a week,Home and Kitchen;others,Sometimes,Rarely,Other,Multiple pages,3,Maybe,Often,High shipping costs,Sometimes,Yes,Never,Yes,3,Sometimes,1,3,Not specified,Scrolling option would be much better than going to next page,298116,"['Home and Kitchen', 'Other']"
2023-06-07 18:28:35,8,Other,Once a month,Beauty and Personal Care;Home and Kitchen;others,Sometimes,Multiple times a day,Other,Multiple pages,5,Maybe,Always,Found a better price elsewhere,Often,Yes,Rarely,Yes,3,Yes,1,5,User-friendly website/app interface,better app interface and lower shipping charges,427996,"['Beauty and Personal Care', 'Home and Kitchen', 'Other']"
2023-06-08 17:24:42,26,Female,Once a week,Beauty and Personal Care;Clothing and Fashion;Home and Kitchen,No,Few times a week,Other,First page,4,No,Sometimes,Changed my mind or no longer need the item,Rarely,Yes,Moderately,Sometimes,2,Yes,1,3,Wide product selection,UI,326656,"['Beauty and Personal Care', 'Clothing and Fashion', 'Home and Kitchen']"
2023-06-06 18:43:02,35,Male,Multiple times a week,Beauty and Personal Care;Home and Kitchen;others,Sometimes,Multiple times a day,Filter,First page,4,Yes,Never,Other,Never,Yes,Moderately,Yes,5,Sometimes,2,1,Customer service,Quality of product is very poor according to the big offers,690140,"['Beauty and Personal Care', 'Home and Kitchen', 'Other']"
2023-06-08 21:39:30,18,Female,Once a week,Beauty and Personal Care;others,No,Rarely,Keyword Search,Multiple pages,2,No,Rarely,Found a better price elsewhere,Often,Yes,Moderately,Yes,1,Yes,5,1,Customer service,Scrolling option would be much better than going to next page,205693,"['Beauty and Personal Care', 'Other']"
2023-06-11 23:05:38,22,Other,Less than once a month,Groceries and Gourmet Food,No,Few times a week,Other,First page,5,Yes,Sometimes,Found a better price elsewhere,Rarely,No,Rarely,Yes,3,No,5,3,Quick delivery,Nothing,697829,['Groceries and Gourmet Food']
2023-06-11 21:15:38,26,Other,Less than once a month,Beauty and Personal Care;others,Sometimes,Multiple times a day,Filter,First page,2,No,Never,Other,Always,Yes,Heavily,Yes,1,Yes,3,2,Wide product selection,Shipping speed and reliability,921255,"['Beauty and Personal Care', 'Other']"
2023-06-08 17:19:23,50,Male,Once a month,Beauty and Personal Care;Home and Kitchen;others,No,Few times a month,Category Browsing,Multiple pages,5,Yes,Never,Other,Never,Yes,Rarely,Yes,5,Yes,5,3,Customer service,Nothing,244090,"['Beauty and Personal Care', 'Home and Kitchen', 'Other']"
2023-06-11 23:17:41,44,Prefer not to say,Multiple times a week,Groceries and Gourmet Food;Clothing and Fashion;Home and Kitchen;others,Sometimes,Few times a week,Not specified,Multiple pages,1,Yes,Sometimes,Other,Always,No,Occasionally,Yes,2,Sometimes,3,2,User-friendly website/app interface,Nil,667748,"['Groceries and Gourmet Food', 'Clothing and Fashion', 'Home and Kitchen', 'Other']"
2023-06-11 23:01:04,46,Male,Once a week,Home and Kitchen;others,Yes,Rarely,Category Browsing,Multiple pages,2,Yes,Rarely,Found a better price elsewhere,Always,Yes,Rarely,Sometimes,2,Yes,4,4,Not specified,Nil,373549,"['Home and Kitchen', 'Other']"
2023-06-07 14:33:56,18,Prefer not to say,Few times a month,Beauty and Personal Care,Sometimes,Rarely,Category Browsing,First page,5,Yes,Often,Found a better price elsewhere,Rarely,No,Moderately,Sometimes,3,Yes,4,2,Customer service,Add more familiar brands to the list,693845,['Beauty and Personal Care']
2023-06-07 21:53:52,45,Male,Once a month,Beauty and Personal Care;Clothing and Fashion;Home and Kitchen;others,No,Few times a month,Not specified,Multiple pages,4,Yes,Always,Other,Sometimes,Yes,Heavily,No,1,No,2,4,Competitive prices,I have no problem with Amazon yet. But others tell me about the refund issues,720198,"['Beauty and Personal Care', 'Clothing and Fashion', 'Home and Kitchen', 'Other']"
2023-06-04 18:01:59,20,Prefer not to say,Once a week,Groceries and Gourmet Food;Beauty and Personal Care;Clothing and Fashion,No,Multiple times a day,Not specified,Multiple pages,4,Maybe,Sometimes,Other,Always,No,Moderately,No,2,Sometimes,5,2,Wide product selection,Quality of product is very poor according to the big offers,868786,"['Groceries and Gourmet Food', 'Beauty and Personal Care', 'Clothing and Fashion']"
2023-06-08 17:24:42,36,Other,Once a week,Beauty and Personal Care;Clothing and Fashion;Home and Kitchen,Yes,Rarely,Other,Multiple pages,5,Maybe,Sometimes,Changed my mind or no longer need the item,Rarely,No,Heavily,Yes,1,Yes,3,5,User-friendly website/app interface,I have no problem with Amazon yet. But others tell me about the refund issues,137842,"['Beauty and Personal Care', 'Clothing and Fashion', 'Home and Kitchen']"
2023-06-05 22:05:25,37,Female,Few times a month,Home and Kitchen;others,Sometimes,Rarely,Not specified,Multiple pages,3,Maybe,Rarely,Other,Sometimes,Yes,Never,Sometimes,5,Yes,3,3,All the above,Shipping speed and reliability,346143,"['Home and Kitchen', 'Other']"
2023-06-09 16:28:30,5,Male,Less than once a month,Groceries and Gourmet Food;Beauty and Personal Care;Clothing and Fashion,Yes,Few times a week,Other,Multiple pages,4,Maybe,Always,Found a better price elsewhere,Rarely,Yes,Occasionally,Yes,2,No,3,1,Customer service,Customer service responsiveness,460338,"['Groceries and Gourmet Food', 'Beauty and Personal Care', 'Clothing and Fashion']"
2023-06-09 14:49:20,28,Other,Once a week,Clothing and Fashion;Home and Kitchen,No,Multiple times a day,Keyword Search,First page,3,No,Always,Found a better price elsewhere,Rarely,No,Occasionally,No,4,No,1,4,Customer service,better app interface and lower shipping charges,261162,"['Clothing and Fashion', 'Home and Kitchen']"
2023-06-12 16:03:59,41,Male,Once a month,others,Sometimes,Rarely,Filter,Multiple pages,1,Yes,Rarely,Other,Always,No,Rarely,Sometimes,5,Sometimes,2,4,User-friendly website/app interface,Quality of product is very poor according to the big offers,626646,['Other']
2023-06-04 21:40:54,37,Male,Multiple times a week,Groceries and Gourmet Food;Beauty and Personal Care;Clothing and Fashion;Home and Kitchen,No,Few times a week,Not specified,Multiple pages,2,Maybe,Always,Changed my mind or no longer need the item,Rarely,No,Rarely,No,3,Yes,1,1,User-friendly website/app interface,Irrelevant product suggestions,199040,"['Groceries and Gourmet Food', 'Beauty and Personal Care', 'Clothing and Fashion', 'Home and Kitchen']"
2023-06-09 15:18:25,12,Other,Once a week,Groceries and Gourmet Food;Beauty and Personal Care;Home and Kitchen,Sometimes,Multiple times a day,Other,Multiple pages,3,Maybe,Always,Changed my mind or no longer need the item,Always,No,Moderately,Yes,3,No,3,5,Customer service,Not specified,340885,"['Groceries and Gourmet Food', 'Beauty and Personal Care', 'Home and Kitchen']"
2023-06-08 17:23:08,19,Other,Multiple times a week,Groceries and Gourmet Food;Beauty and Personal Care,Sometimes,Few times a month,Keyword Search,Multiple pages,3,No,Always,High shipping costs,Always,No,Heavily,No,1,No,2,5,Customer service,Reducing packaging waste,620327,"['Groceries and Gourmet Food', 'Beauty and Personal Care']"
2023-06-04 20:49:49,63,Prefer not to say,Few times a month,Home and Kitchen,Sometimes,Few times a week,Keyword Search,First page,5,Maybe,Sometimes,Other,Always,No,Never,Yes,4,Sometimes,4,5,Quick delivery,UI,370136,['Home and Kitchen']
2023-06-12 15:35:24,58,Other,Once a month,Groceries and Gourmet Food;Beauty and Personal Care;others,Yes,Few times a month,Keyword Search,First page,3,No,Never,Changed my mind or no longer need the item,Never,No,Heavily,No,3,Yes,5,2,Not specified,I have no problem with Amazon yet. But others tell me about the refund issues,218991,"['Groceries and Gourmet Food', 'Beauty and Personal Care', 'Other']"
2023-06-09 15:09:41,24,Prefer not to say,Few times a month,Groceries and Gourmet Food;Clothing and Fashion;Home and Kitchen,Sometimes,Few times a month,Filter,First page,5,Maybe,Rarely,Other,Sometimes,Yes,Heavily,Yes,1,No,4,3,Customer service,No problems with Amazon,284705,"['Groceries and Gourmet Food', 'Clothing and Fashion', 'Home and Kitchen']"
2023-06-04 20:48:59,31,Other,Once a month,Beauty and Personal Care;Home and Kitchen;others,No,Multiple times a day,Other,First page,5,No,Often,Other,Rarely,No,Moderately,No,4,No,3,2,All the above,Not specified,181817,"['Beauty and Personal Care', 'Home and Kitchen', 'Other']"
2023-06-08 17:48:14,66,Prefer not to say,Once a month,Beauty and Personal Care,No,Rarely,Category Browsing,Multiple pages,5,No,Always,Other,Always,No,Rarely,No,4,Yes,1,3,Product recommendations,Product quality and accuracy,496797,['Beauty and Personal Care']
2023-06-05 10:37:36,10,Prefer not to say,Multiple times a week,Beauty and Personal Care;Clothing and Fashion,Sometimes,Multiple times a day,Other,First page,1,Maybe,Never,High shipping costs,Never,Yes,Moderately,Yes,1,Yes,2,1,Product recommendations,I don't have any problem with Amazon,312080,"['Beauty and Personal Care', 'Clothing and Fashion']"
2023-06-04 20:52:49,59,Other,Less than once a month,Beauty and Personal Care;Home and Kitchen,Yes,Few times a month,Category Browsing,Multiple pages,3,No,Always,Found a better price elsewhere,Sometimes,Yes,Moderately,No,2,No,3,3,All the above,Irrelevant product suggestions,196589,"['Beauty and Personal Care', 'Home and Kitchen']"
2023-06-04 18:01:59,17,Male,Multiple times a week,Clothing and Fashion;Home and Kitchen,Yes,Multiple times a day,Filter,First page,1,Yes,Sometimes,High shipping costs,Never,No,Rarely,Yes,4,No,3,5,All the above,Customer service responsiveness,724823,"['Clothing and Fashion', 'Home and Kitchen']"
2023-06-09 15:24:36,17,Prefer not to say,Less than once a month,Groceries and Gourmet Food;Beauty and Personal Care;Clothing and Fashion;others,Yes,Few times a month,Keyword Search,First page,4,No,Often,Other,Often,No,Never,Sometimes,3,No,3,3,Product recommendations,User interface,116530,"['Groceries and Gourmet Food', 'Beauty and Personal Care', 'Clothing and Fashion', 'Other']"
2023-06-07 14:16:43,22,Male,Less than once a month,Groceries and Gourmet Food;Clothing and Fashion;others,No,Few times a month,Not specified,First page,2,Maybe,Often,Found a better price elsewhere,Never,No,Occasionally,Yes,2,Yes,5,2,Customer service,Nil,706513,"['Groceries and Gourmet Food', 'Clothing and Fashion', 'Other']"
2023-06-12 14:49:47,14,Female,Multiple times a week,Clothing and Fashion;Home and Kitchen;others,Sometimes,Few times a week,Keyword Search,Multiple pages,2,Yes,Never,Found a better price elsewhere,Sometimes,Yes,Rarely,Yes,2,Sometimes,3,2,Wide product selection,Nil,118328,"['Clothing and Fashion', 'Home and Kitchen', 'Other']"
2023-06-12 15:55:53,49,Female,Multiple times a week,Groceries and Gourmet Food;Clothing and Fashion;others,Sometimes,Multiple times a day,Not specified,Multiple pages,2,Yes,Rarely,Changed my mind or no longer need the item,Always,No,Occasionally,Sometimes,3,Yes,4,1,All the above,Product quality and accuracy,900434,"['Groceries and Gourmet Food', 'Clothing and Fashion', 'Other']"
2023-06-09 15:22:15,36,Female,Less than once a month,Groceries and Gourmet Food;Clothing and Fashion;others,No,Few times a week,Category Browsing,Multiple pages,1,Maybe,Often,Other,Always,Yes,Never,Sometimes,5,No,3,1,Product recommendations,Nil,384599,"['Groceries and Gourmet Food', 'Clothing and Fashion', 'Other']"
2023-06-05 13:10:59,15,Male,Few times a month,Beauty and Personal Care;others,No,Few times a week,Category Browsing,First page,4,Yes,Always,Other,Rarely,Yes,Occasionally,No,4,No,5,1,Competitive prices,Shipping speed and reliability,122163,"['Beauty and Personal Care', 'Other']"
2023-06-07 21:19:32,9,Male,Once a week,Groceries and Gourmet Food,Sometimes,Multiple times a day,Category Browsing,First page,2,Maybe,Always,High shipping costs,Often,No,Moderately,Yes,2,Yes,5,3,Wide product selection,Product quality and accuracy,771756,['Groceries and Gourmet Food']
2023-06-07 11:47:07,36,Male,Multiple times a week,Groceries and Gourmet Food;Beauty and Personal Care;Clothing and Fashion;Home and Kitchen;others,No,Few times a month,Filter,Multiple pages,2,No,Always,Changed my mind or no longer need the item,Never,Yes,Occasionally,Yes,5,Sometimes,2,5,Not specified,Shipping speed and reliability,702724,"['Groceries and Gourmet Food', 'Beauty and Personal Care', 'Clothing and Fashion', 'Home and Kitchen', 'Other']"
2023-06-04 20:45:45,25,Prefer not to say,Once a week,Groceries and Gourmet Food;Beauty and Personal Care;Clothing and Fashion;Home and Kitchen,Sometimes,Multiple times a day,Not specified,First page,3,No,Rarely,Changed my mind or no longer need the item,Sometimes,No,Never,Yes,4,Yes,1,5,Customer service,No problems with Amazon,268748,"['Groceries and Gourmet Food', 'Beauty and Personal Care', 'Clothing and Fashion', 'Home and Kitchen']"
2023-06-08 17:14:30,4,Prefer not to say,Multiple times a week,Groceries and Gourmet Food;Beauty and Personal Care;Clothing and Fashion;Home and Kitchen;others,Sometimes,Few times a month,Not specified,Multiple pages,5,Yes,Rarely,Changed my mind or no longer need the item,Always,Yes,Rarely,Sometimes,5,No,1,2,All the above,better app interface and lower shipping charges,830786,"['Groceries and Gourmet Food', 'Beauty and Personal Care', 'Clothing and Fashion', 'Home and Kitchen', 'Other']"
2023-06-06 18:51:13,62,Male,Less than once a month,Groceries and Gourmet Food;Beauty and Personal Care;Clothing and Fashion;others,Yes,Few times a month,Category Browsing,Multiple pages,4,Yes,Sometimes,Changed my mind or no longer need the item,Never,No,Moderately,Sometimes,4,No,5,5,Quick delivery,User interface,397618,"['Groceries and Gourmet Food', 'Beauty and Personal Care', 'Clothing and Fashion', 'Other']"
2023-06-07 22:09:17,59,Male,Once a month,Groceries and Gourmet Food;Beauty and Personal Care;Clothing and Fashion;Home and Kitchen;others,Yes,Few times a week,Other,Multiple pages,3,No,Often,Changed my mind or no longer need the item,Never,No,Occasionally,No,3,No,4,1,Product recommendations,Irrelevant product suggestions,834830,"['Groceries and Gourmet Food', 'Beauty and Personal Care', 'Clothing and Fashion', 'Home and Kitchen', 'Other']"
2023-06-11 22:49:49,25,Female,Few times a month,Groceries and Gourmet Food;Home and Kitchen;others,No,Few times a month,Filter,First page,1,Maybe,Often,Changed my mind or no longer need the item,Rarely,No,Rarely,No,2,No,1,1,All the above,Not specified,339644,"['Groceries and Gourmet Food', 'Home and Kitchen', 'Other']"
2023-06-11 22:43:19,62,Female,Less than once a month,Beauty and Personal Care;others,Yes,Few times a week,Not specified,First page,3,No,Sometimes,Other,Always,No,Occasionally,No,4,No,4,1,Competitive prices,Scrolling option would be much better than going to next page,168565,"['Beauty and Personal Care', 'Other']"
2023-06-07 18:31:23,19,Prefer not to say,Less than once a month,Clothing and Fashion;Home and Kitchen,Sometimes,Rarely,Category Browsing,Multiple pages,2,Yes,Never,Other,Sometimes,Yes,Moderately,Sometimes,3,Yes,2,3,Product recommendations,Reducing packaging waste,258984,"['Clothing and Fashion', 'Home and Kitchen']"
2023-06-09 10:30:39,18,Female,Few times a month,Beauty and Personal Care;others,Sometimes,Rarely,Other,First page,2,Maybe,Never,Changed my mind or no longer need the item,Sometimes,No,Moderately,Sometimes,5,Yes,4,1,Not specified,Customer service responsiveness,492435,"['Beauty and Personal Care', 'Other']"
2023-06-08 18:01:33,24,Male,Once a month,Clothing and Fashion;Home and Kitchen;others,Yes,Multiple times a day,Filter,Multiple pages,3,No,Never,Other,Always,No,Occasionally,Yes,4,Yes,2,2,Quick delivery,User interface of app,601843,"['Clothing and Fashion', 'Home and Kitchen', 'Other']"
2023-06-11 23:04:17,45,Other,Less than once a month,Home and Kitchen,Yes,Few times a month,Filter,Multiple pages,3,Maybe,Sometimes,Other,Never,No,Rarely,Yes,5,No,2,5,User-friendly website/app interface,Nothing,298319,['Home and Kitchen']
2023-06-09 14:42:57,50,Prefer not to say,Multiple times a week,Groceries and Gourmet Food;Clothing and Fashion,Sometimes,Few times a week,Filter,First page,1,No,Sometimes,Changed my mind or no longer need the item,Often,No,Occasionally,Sometimes,3,Sometimes,5,5,All the above,Irrelevant product suggestions,805537,"['Groceries and Gourmet Food', 'Clothing and Fashion']"
2023-06-07 13:04:07,9,Prefer not to say,Less than once a month,Home and Kitchen,Yes,Multiple times a day,Not specified,Multiple pages,2,Maybe,Always,Found a better price elsewhere,Never,No,Heavily,No,1,Sometimes,1,2,All the above,UI,771060,['Home and Kitchen']
2023-06-12 09:40:22,23,Prefer not to say,Multiple times a week,Groceries and Gourmet Food;Beauty and Personal Care;Clothing and Fashion;others,Sometimes,Few times a week,Other,Multiple pages,3,No,Always,Changed my mind or no longer need the item,Never,Yes,Moderately,Sometimes,3,Sometimes,5,2,All the above,Customer service responsiveness,745565,"['Groceries and Gourmet Food', 'Beauty and Personal Care', 'Clothing and Fashion', 'Other']"
2023-06-05 20:50:24,58,Other,Less than once a month,Groceries and Gourmet Food;Clothing and Fashion;Home and Kitchen;others,No,Few times a week,Filter,Multiple pages,3,Yes,Often,Other,Always,Yes,Never,Sometimes,3,Sometimes,5,4,User-friendly website/app interface,Scrolling option would be much better than going to next page,656161,"['Groceries and Gourmet Food', 'Clothing and Fashion', 'Home and Kitchen', 'Other']"
2023-06-07 14:19:05,48,Male,Once a week,Beauty and Personal Care;Clothing and Fashion;others,Sometimes,Few times a month,Filter,First page,3,No,Sometimes,High shipping costs,Always,Yes,Occasionally,No,5,Sometimes,5,2,User-friendly website/app interface,User interface,572096,"['Beauty and Personal Care', 'Clothing and Fashion', 'Other']"
2023-06-08 17:42:27,38,Male,Once a week,others,No,Few times a week,Keyword Search,Multiple pages,4,Yes,Always,Other,Rarely,No,Rarely,No,1,Yes,2,3,Customer service,better app interface and lower shipping charges,553456,['Other']
2023-06-05 10:36:38,28,Prefer not to say,Few times a month,Beauty and Personal Care;Home and Kitchen,Yes,Rarely,Keyword Search,First page,2,No,Always,Changed my mind or no longer need the item,Never,No,Moderately,Yes,3,Sometimes,3,4,Wide product selection,Nothing,355780,"['Beauty and Personal Care', 'Home and Kitchen']"
2023-06-05 21:56:08,25,Prefer not to say,Once a week,Groceries and Gourmet Food;Clothing and Fashion;Home and Kitchen;others,No,Rarely,Filter,Multiple pages,3,Maybe,Sometimes,Found a better price elsewhere,Sometimes,Yes,Never,Yes,5,No,3,4,User-friendly website/app interface,Quality of product is very poor according to the big offers,316955,"['Groceries and Gourmet Food', 'Clothing and Fashion', 'Home and Kitchen', 'Other']"
2023-06-06 10:36:14,57,Male,Once a week,Groceries and Gourmet Food;Beauty and Personal Care;Clothing and Fashion;others,No,Rarely,Filter,Multiple pages,1,No,Rarely,Other,Often,Yes,Never,Sometimes,5,No,5,2,All the above,Not specified,366987,"['Groceries and Gourmet Food', 'Beauty and Personal Care', 'Clothing and Fashion', 'Other']"
2023-06-06 19:17:17,45,Male,Few times a month,Home and Kitchen;others,Sometimes,Rarely,Category Browsing,Multiple pages,3,Yes,Never,High shipping costs,Sometimes,No,Moderately,Yes,4,No,2,3,Customer service,Nil,833793,"['Home and Kitchen', 'Other']"
2023-06-05 21:56:02,52,Female,Once a month,Groceries and Gourmet Food;Beauty and Personal Care;Home and Kitchen,No,Multiple times a day,Not specified,Multiple pages,5,Maybe,Always,Found a better price elsewhere,Sometimes,Yes,Rarely,Sometimes,4,Yes,3,4,Customer service,UI,259093,"['Groceries and Gourmet Food', 'Beauty and Personal Care', 'Home and Kitchen']"
2023-06-07 14:33:56,6,Male,Multiple times a week,Groceries and Gourmet Food;Beauty and Personal Care;Clothing and Fashion;others,No,Multiple times a day,Other,Multiple pages,2,No,Rarely,Changed my mind or no longer need the item,Sometimes,Yes,Heavily,No,3,No,2,4,Quick delivery,better app interface and lower shipping charges,675241,"['Groceries and Gourmet Food', 'Beauty and Personal Care', 'Clothing and Fashion', 'Other']"
2023-06-11 22:53:44,63,Other,Once a month,Groceries and Gourmet Food;Beauty and Personal Care;Clothing and Fashion,No,Few times a week,Filter,Multiple pages,4,Maybe,Rarely,Other,Often,Yes,Moderately,Yes,5,Yes,3,1,User-friendly website/app interface,Irrelevant product suggestions,263951,"['Groceries and Gourmet Food', 'Beauty and Personal Care', 'Clothing and Fashion']"
2023-06-11 22:58:52,61,Prefer not to say,Multiple times a week,Beauty and Personal Care,No,Few times a month,Other,Multiple pages,4,No,Always,Found a better price elsewhere,Always,No,Moderately,No,2,Sometimes,4,5,Competitive prices,I have no problem with Amazon yet. But others tell me about the refund issues,956240,['Beauty and Personal Care']
2023-06-08 17:07:19,31,Other,Few times a month,Groceries and Gourmet Food,No,Rarely,Not specified,Multiple pages,2,Maybe,Often,Other,Never,Yes,Occasionally,Sometimes,4,No,1,5,Competitive prices,Quality of product is very poor according to the big offers,416019,['Groceries and Gourmet Food']
2023-06-12 15:40:25,26,Female,Few times a month,Groceries and Gourmet Food;Beauty and Personal Care;Clothing and Fashion;Home and Kitchen;others,Yes,Few times a month,Other,First page,4,Maybe,Never,Other,Often,Yes,Never,Yes,3,Sometimes,2,1,Product recommendations,UI,335992,"['Groceries and Gourmet Food', 'Beauty and Personal Care', 'Clothing and Fashion', 'Home and Kitchen', 'Other']"
2023-06-09 19:28:09,51,Female,Multiple times a week,Home and Kitchen;others,No,Rarely,Keyword Search,Multiple pages,1,Yes,Often,Other,Rarely,Yes,Moderately,Yes,2,Sometimes,2,2,Not specified,Shipping speed and reliability,226969,"['Home and Kitchen', 'Other']"
2023-06-05 20:52:01,20,Other,Less than once a month,Groceries and Gourmet Food;Beauty and Personal Care;Clothing and Fashion;others,Yes,Multiple times a day,Filter,First page,4,Maybe,Sometimes,Changed my mind or no longer need the item,Rarely,No,Never,No,2,No,1,2,Product recommendations,Nil,294056,"['Groceries and Gourmet Food', 'Beauty and Personal Care', 'Clothing and Fashion', 'Other']"
2023-06-12 14:43:30,63,Other,Less than once a month,Groceries and Gourmet Food,Yes,Few times a month,Filter,Multiple pages,1,No,Never,Other,Often,No,Heavily,No,1,Yes,1,2,Not specified,Not specified,576401,['Groceries and Gourmet Food']
2023-06-06 19:10:14,20,Other,Once a week,Groceries and Gourmet Food;Beauty and Personal Care;others,Yes,Few times a month,Not specified,First page,3,No,Never,Found a better price elsewhere,Rarely,Yes,Moderately,Sometimes,3,Sometimes,2,4,User-friendly website/app interface,Customer service responsiveness,806742,"['Groceries and Gourmet Food', 'Beauty and Personal Care', 'Other']"
2023-06-09 14:44:09,5,Prefer not to say,Once a month,Groceries and Gourmet Food;Beauty and Personal Care;others,Yes,Multiple times a day,Not specified,First page,5,Maybe,Often,High shipping costs,Sometimes,Yes,Moderately,Sometimes,1,No,3,5,Quick delivery,UI,698125,"['Groceries and Gourmet Food', 'Beauty and Personal Care', 'Other']"
2023-06-05 02:56:10,19,Female,Less than once a month,Groceries and Gourmet Food;Home and Kitchen,Sometimes,Multiple times a day,Keyword Search,Multiple pages,4,Maybe,Often,High shipping costs,Often,No,Heavily,Yes,1,Yes,2,1,User-friendly website/app interface,Scrolling option would be much better than going to next page,664216,"['Groceries and Gourmet Food', 'Home and Kitchen']"
2023-06-11 23:21:30,33,Prefer not to say,Less than once a month,Groceries and Gourmet Food;Home and Kitchen;others,Yes,Few times a week,Keyword Search,Multiple pages,5,Yes,Sometimes,Found a better price elsewhere,Often,Yes,Never,Sometimes,1,Yes,4,1,Competitive prices,I have no problem with Amazon yet. But others tell me about the refund issues,894209,"['Groceries and Gourmet Food', 'Home and Kitchen', 'Other']"
2023-06-06 19:31:34,23,Female,Once a month,others,Yes,Rarely,Filter,Multiple pages,1,Yes,Never,Found a better price elsewhere,Sometimes,No,Moderately,No,2,No,2,1,Not specified,Nil,605978,['Other']
2023-06-08 17:35:25,43,Prefer not to say,Few times a month,Groceries and Gourmet Food;Clothing and Fashion;others,Sometimes,Rarely,Not specified,Multiple pages,1,No,Sometimes,High shipping costs,Often,Yes,Occasionally,Yes,4,Sometimes,5,5,Product recommendations,Product quality and accuracy,968812,"['Groceries and Gourmet Food', 'Clothing and Fashion', 'Other']"
2023-06-07 22:58:04,34,Prefer not to say,Once a week,Clothing and Fashion;Home and Kitchen;others,Yes,Rarely,Category Browsing,Multiple pages,1,Yes,Often,High shipping costs,Sometimes,No,Rarely,No,1,No,3,5,Customer service,I don't have any problem with Amazon,111812,"['Clothing and Fashion', 'Home and Kitchen', 'Other']"
2023-06-09 15:18:25,65,Male,Once a week,Groceries and Gourmet Food;Home and Kitchen;others,No,Rarely,Filter,Multiple pages,3,Yes,Never,Other,Often,No,Heavily,Yes,4,Yes,2,3,Product recommendations,User interface of app,836522,"['Groceries and Gourmet Food', 'Home and Kitchen', 'Other']"
2023-06-08 21:40:24,43,Prefer not to say,Multiple times a week,Groceries and Gourmet Food;Clothing and Fashion,Yes,Few times a week,Category Browsing,First page,3,No,Rarely,Found a better price elsewhere,Never,No,Heavily,No,2,Sometimes,4,3,All the above,Scrolling option would be much better than going to next page,194090,"['Groceries and Gourmet Food', 'Clothing and Fashion']"
2023-06-07 13:33:51,44,Prefer not to say,Multiple times a week,Groceries and Gourmet Food;Beauty and Personal Care;Clothing and Fashion,Sometimes,Few times a week,Category Browsing,Multiple pages,1,Maybe,Rarely,Changed my mind or no longer need the item,Always,No,Moderately,Sometimes,3,No,1,1,Quick delivery,No problems with Amazon,238251,"['Groceries and Gourmet Food', 'Beauty and Personal Care', 'Clothing and Fashion']"
2023-06-11 22:47:42,66,Prefer not to say,Once a month,Beauty and Personal Care;others,Sometimes,Multiple times a day,Filter,Multiple pages,3,No,Always,Changed my mind or no longer need the item,Often,No,Moderately,No,1,Yes,3,4,User-friendly website/app interface,I don't have any problem with Amazon,319657,"['Beauty and Personal Care', 'Other']"
2023-06-12 15:44:16,34,Male,Few times a month,Groceries and Gourmet Food,No,Few times a week,Filter,Multiple pages,4,Yes,Sometimes,Other,Sometimes,No,Rarely,Sometimes,1,No,1,1,All the above,No problems with Amazon,262432,['Groceries and Gourmet Food']
2023-06-11 23:20:18,63,Male,Less than once a month,others,Sometimes,Rarely,Keyword Search,First page,3,No,Always,Other,Sometimes,Yes,Never,No,2,Yes,5,3,User-friendly website/app interface,Product quality and accuracy,203667,['Other']
2023-06-09 08:10:05,14,Female,Once a week,Groceries and Gourmet Food,No,Few times a week,Keyword Search,Multiple pages,1,Yes,Rarely,Other,Rarely,No,Never,Sometimes,4,Yes,3,1,Wide product selection,Irrelevant product suggestions,352764,['Groceries and Gourmet Food']
2023-06-06 18:38:03,65,Female,Multiple times a week,Beauty and Personal Care;Home and Kitchen;others,Yes,Few times a week,Keyword Search,Multiple pages,3,No,Often,Found a better price elsewhere,Sometimes,No,Occasionally,No,1,Yes,1,2,User-friendly website/app interface,Scrolling option would be much better than going to next page,126396,"['Beauty and Personal Care', 'Home and Kitchen', 'Other']"
2023-06-08 22:24:19,60,Male,Once a week,Groceries and Gourmet Food;Beauty and Personal Care;Clothing and Fashion;Home and Kitchen;others,Sometimes,Rarely,Keyword Search,Multiple pages,3,Maybe,Rarely,High shipping costs,Sometimes,Yes,Never,Yes,1,No,2,4,All the above,User interface of app,772805,"['Groceries and Gourmet Food', 'Beauty and Personal Care', 'Clothing and Fashion', 'Home and Kitchen', 'Other']"
2023-06-08 03:29:26,8,Female,Multiple times a week,Beauty and Personal Care,No,Few times a week,Filter,First page,4,Maybe,Sometimes,Changed my mind or no longer need the item,Sometimes,No,Moderately,Sometimes,1,Yes,1,3,All the above,Nil,339017,['Beauty and Personal Care']
2023-06-09 16:33:19,4,Female,Less than once a month,Beauty and Personal Care;Home and Kitchen,No,Rarely,Keyword Search,Multiple pages,2,Maybe,Often,Changed my mind or no longer need the item,Rarely,No,Moderately,No,4,No,2,5,Product recommendations,Add more familiar brands to the list,507752,"['Beauty and Personal Care', 'Home and Kitchen']"
2023-06-07 12:23:07,58,Other,Once a month,Beauty and Personal Care;Clothing and Fashion;Home and Kitchen,Yes,Few times a month,Not specified,Multiple pages,4,Yes,Sometimes,Found a better price elsewhere,Often,No,Never,Sometimes,3,Yes,3,5,Not specified,Nothing,410571,"['Beauty and Personal Care', 'Clothing and Fashion', 'Home and Kitchen']"
2023-06-05 14:10:33,43,Other,Few times a month,Clothing and Fashion,Sometimes,Multiple times a day,Not specified,Multiple pages,4,Yes,Often,Other,Rarely,Yes,Rarely,No,5,No,5,5,Product recommendations,Nothing,871757,['Clothing and Fashion']
2023-06-11 22:48:27,38,Prefer not to say,Multiple times a week,Groceries and Gourmet Food;Home and Kitchen;others,Yes,Multiple times a day,Keyword Search,First page,4,Yes,Never,High shipping costs,Sometimes,No,Heavily,Sometimes,2,No,1,3,Quick delivery,better app interface and lower shipping charges,911979,"['Groceries and Gourmet Food', 'Home and Kitchen', 'Other']"
2023-06-06 18:43:32,8,Female,Once a month,Groceries and Gourmet Food;Clothing and Fashion;Home and Kitchen,Sometimes,Few times a week,Keyword Search,First page,1,Yes,Always,Changed my mind or no longer need the item,Sometimes,Yes,Heavily,No,1,Sometimes,3,1,User-friendly website/app interface,Product quality and accuracy,889185,"['Groceries and Gourmet Food', 'Clothing and Fashion', 'Home and Kitchen']"
2023-06-12 15:27:59,37,Other,Once a month,Groceries and Gourmet Food;Clothing and Fashion,No,Few times a week,Filter,First page,3,No,Sometimes,Other,Often,Yes,Occasionally,Sometimes,5,No,1,4,Not specified,Product quality and accuracy,909111,"['Groceries and Gourmet Food', 'Clothing and Fashion']"
2023-06-07 22:16:22,51,Male,Once a month,Groceries and Gourmet Food;Beauty and Personal Care;Clothing and Fashion;others,Sometimes,Few times a month,Category Browsing,Multiple pages,5,Yes,Often,High shipping costs,Never,No,Heavily,Sometimes,2,No,4,5,Customer service,Customer service responsiveness,123280,"['Groceries and Gourmet Food', 'Beauty and Personal Care', 'Clothing and Fashion', 'Other']"
2023-06-05 14:17:45,30,Female,Once a month,Groceries and Gourmet Food;Home and Kitchen,No,Multiple times a day,Keyword Search,First page,5,Yes,Always,Changed my mind or no longer need the item,Rarely,Yes,Rarely,No,5,No,2,4,Product recommendations,Quality of product is very poor according to the big offers,653308,"['Groceries and Gourmet Food', 'Home and Kitchen']"
2023-06-05 13:35:41,9,Other,Once a month,Beauty and Personal Care;Clothing and Fashion;others,No,Rarely,Category Browsing,Multiple pages,4,Maybe,Sometimes,Found a better price elsewhere,Often,No,Moderately,Sometimes,4,Sometimes,4,1,Wide product selection,No problems with Amazon,949176,"['Beauty and Personal Care', 'Clothing and Fashion', 'Other']"
2023-06-07 09:25:35,31,Female,Less than once a month,Clothing and Fashion;others,Sometimes,Few times a week,Category Browsing,Multiple pages,2,No,Never,Other,Rarely,Yes,Occasionally,Sometimes,4,Sometimes,2,5,Customer service,Quality of product is very poor according to the big offers,201192,"['Clothing and Fashion', 'Other']"
2023-06-09 09:34:44,7,Female,Multiple times a week,Groceries and Gourmet Food;Clothing and Fashion;Home and Kitchen;others,Sometimes,Multiple times a day,Other,First page,1,Yes,Always,Found a better price elsewhere,Never,No,Never,Sometimes,4,Sometimes,2,2,All the above,Nothing,344198,"['Groceries and Gourmet Food', 'Clothing and Fashion', 'Home and Kitchen', 'Other']"
2023-06-07 09:25:35,14,Prefer not to say,Multiple times a week,Groceries and Gourmet Food;Clothing and Fashion,Sometimes,Multiple times a day,Category Browsing,First page,3,Maybe,Never,Found a better price elsewhere,Often,Yes,Occasionally,Sometimes,1,Yes,1,3,Product recommendations,Quality of product is very poor according to the big offers,290492,"['Groceries and Gourmet Food', 'Clothing and Fashion']"
2023-06-07 18:29:14,30,Other,Multiple times a week,Groceries and Gourmet Food;Clothing and Fashion;Home and Kitchen;others,Sometimes,Rarely,Other,Multiple pages,2,No,Always,High shipping costs,Sometimes,No,Moderately,Sometimes,3,Sometimes,1,4,User-friendly website/app interface,UI,361818,"['Groceries and Gourmet Food', 'Clothing and Fashion', 'Home and Kitchen', 'Other']"
2023-06-11 23:20:57,46,Other,Multiple times a week,Beauty and Personal Care;Clothing and Fashion,Yes,Few times a week,Keyword Search,First page,3,Yes,Often,Found a better price elsewhere,Never,No,Rarely,Yes,3,No,3,1,Wide product selection,Nil,726037,"['Beauty and Personal Care', 'Clothing and Fashion']"
2023-06-04 23:09:27,41,Female,Once a month,Home and Kitchen,No,Few times a month,Keyword Search,First page,5,No,Often,High shipping costs,Always,No,Occasionally,No,3,No,3,2,Customer service,better app interface and lower shipping charges,925850,['Home and Kitchen']
2023-06-07 22:41:10,65,Female,Once a month,Clothing and Fashion,No,Multiple times a day,Keyword Search,First page,3,Yes,Often,Found a better price elsewhere,Always,Yes,Occasionally,Sometimes,2,No,1,1,Customer service,Nil,272559,['Clothing and Fashion']
2023-06-12 14:49:47,45,Female,Less than once a month,Clothing and Fashion;Home and Kitchen,Sometimes,Rarely,Filter,First page,4,Maybe,Always,High shipping costs,Rarely,No,Heavily,No,4,No,1,2,Customer service,Customer service responsiveness,681954,"['Clothing and Fashion', 'Home and Kitchen']"
2023-06-09 16:28:58,18,Male,Less than once a month,Beauty and Personal Care;Home and Kitchen;others,Yes,Multiple times a day,Filter,First page,2,Yes,Never,High shipping costs,Always,Yes,Heavily,No,4,Yes,1,4,Quick delivery,I don't have any problem with Amazon,275574,"['Beauty and Personal Care', 'Home and Kitchen', 'Other']"
2023-06-04 21:10:08,51,Other,Once a month,Clothing and Fashion,Yes,Multiple times a day,Not specified,First page,3,No,Never,Other,Often,Yes,Moderately,Yes,1,No,1,2,Wide product selection,I don't have any problem with Amazon,794254,['Clothing and Fashion']
2023-06-07 13:00:08,5,Male,Few times a month,Clothing and Fashion,No,Multiple times a day,Category Browsing,First page,2,Yes,Always,Found a better price elsewhere,Sometimes,Yes,Rarely,Sometimes,1,Yes,5,4,Customer service,Product quality and accuracy,569157,['Clothing and Fashion']
2023-06-09 16:33:19,19,Other,Once a month,Clothing and Fashion;Home and Kitchen;others,Sometimes,Rarely,Other,First page,2,Yes,Never,Changed my mind or no longer need the item,Sometimes,Yes,Rarely,Yes,2,Yes,4,2,Not specified,Scrolling option would be much better than going to next page,174079,"['Clothing and Fashion', 'Home and Kitchen', 'Other']"
2023-06-12 15:59:10,37,Prefer not to say,Few times a month,Groceries and Gourmet Food;Home and Kitchen,Sometimes,Rarely,Other,Multiple pages,1,Yes,Often,High shipping costs,Never,No,Rarely,Sometimes,1,Sometimes,3,2,Wide product selection,better app interface and lower shipping charges,576206,"['Groceries and Gourmet Food', 'Home and Kitchen']"
2023-06-06 18:43:32,50,Female,Less than once a month,Groceries and Gourmet Food;Beauty and Personal Care;Home and Kitchen,No,Few times a week,Keyword Search,First page,1,Maybe,Sometimes,Found a better price elsewhere,Never,No,Heavily,Yes,1,Yes,4,2,Customer service,Customer service responsiveness,417229,"['Groceries and Gourmet Food', 'Beauty and Personal Care', 'Home and Kitchen']"
2023-06-07 12:01:15,44,Prefer not to say,Multiple times a week,Groceries and Gourmet Food;Beauty and Personal Care;Home and Kitchen,No,Multiple times a day,Not specified,Multiple pages,2,Yes,Sometimes,Found a better price elsewhere,Always,No,Occasionally,Yes,2,Sometimes,4,4,Not specified,User interface,545405,"['Groceries and Gourmet Food', 'Beauty and Personal Care', 'Home and Kitchen']"
2023-06-07 22:07:42,15,Male,Once a month,Groceries and Gourmet Food;Home and Kitchen,Sometimes,Rarely,Not specified,First page,3,Yes,Often,Changed my mind or no longer need the item,Sometimes,No,Heavily,Sometimes,5,Yes,5,5,Competitive prices,Scrolling option would be much better than going to next page,971092,"['Groceries and Gourmet Food', 'Home and Kitchen']"
2023-06-08 17:30:12,36,Prefer not to say,Once a week,Beauty and Personal Care;Clothing and Fashion,No,Multiple times a day,Keyword Search,First page,5,Maybe,Sometimes,Found a better price elsewhere,Never,No,Heavily,Sometimes,4,No,3,5,All the above,Not specified,418021,"['Beauty and Personal Care', 'Clothing and Fashion']"
2023-06-08 17:19:41,17,Male,Multiple times a week,Clothing and Fashion;Home and Kitchen,Yes,Rarely,Filter,First page,4,Maybe,Sometimes,Found a better price elsewhere,Sometimes,Yes,Rarely,Yes,2,Sometimes,4,3,User-friendly website/app interface,Shipping speed and reliability,226649,"['Clothing and Fashion', 'Home and Kitchen']"
2023-06-11 23:20:18,55,Prefer not to say,Once a week,Beauty and Personal Care;Clothing and Fashion;others,No,Multiple times a day,Filter,Multiple pages,3,No,Rarely,Changed my mind or no longer need the item,Rarely,No,Moderately,Sometimes,5,Sometimes,4,5,Competitive prices,I have no problem with Amazon yet. But others tell me about the refund issues,575180,"['Beauty and Personal Care', 'Clothing and Fashion', 'Other']"
2023-06-07 09:25:35,58,Other,Few times a month,Groceries and Gourmet Food;Beauty and Personal Care;Clothing and Fashion;others,No,Few times a month,Other,First page,1,No,Often,High shipping costs,Never,No,Moderately,No,1,Yes,2,2,Customer service,Nil,846821,"['Groceries and Gourmet Food', 'Beauty and Personal Care', 'Clothing and Fashion', 'Other']"
2023-06-04 20:00:11,52,Male,Once a week,Beauty and Personal Care;Clothing and Fashion,Yes,Multiple times a day,Filter,First page,5,Maybe,Sometimes,Found a better price elsewhere,Sometimes,Yes,Never,No,1,Sometimes,2,5,Customer service,Customer service responsiveness,918632,"['Beauty and Personal Care', 'Clothing and Fashion']"
2023-06-06 11:49:21,45,Other,Less than once a month,Beauty and Personal Care;others,Sometimes,Rarely,Not specified,Multiple pages,1,Yes,Never,Found a better price elsewhere,Sometimes,Yes,Rarely,Sometimes,4,Sometimes,1,5,Competitive prices,Irrelevant product suggestions,524592,"['Beauty and Personal Care', 'Other']"
2023-06-09 10:24:58,59,Prefer not to say,Once a week,Groceries and Gourmet Food;Clothing and Fashion;others,Sometimes,Few times a month,Other,Multiple pages,1,Yes,Often,Other,Sometimes,Yes,Occasionally,No,2,No,5,1,Competitive prices,Nil,220064,"['Groceries and Gourmet Food', 'Clothing and Fashion', 'Other']"
2023-06-08 14:21:41,41,Female,Once a week,Beauty and Personal Care;Clothing and Fashion;Home and Kitchen;others,Sometimes,Multiple times a day,Category Browsing,Multiple pages,5,Maybe,Often,Other,Always,No,Heavily,Sometimes,4,No,1,3,Competitive prices,I have no problem with Amazon yet. But others tell me about the refund issues,979208,"['Beauty and Personal Care', 'Clothing and Fashion', 'Home and Kitchen', 'Other']"
2023-06-05 02:56:10,4,Prefer not to say,Less than once a month,Groceries and Gourmet Food;Clothing and Fashion;Home and Kitchen,No,Few times a week,Not specified,First page,2,No,Sometimes,Changed my mind or no longer need the item,Never,No,Occasionally,No,3,Sometimes,2,3,Quick delivery,Reducing packaging waste,220422,"['Groceries and Gourmet Food', 'Clothing and Fashion', 'Home and Kitchen']"
2023-06-04 22:37:00,45,Other,Few times a month,Clothing and Fashion;Home and Kitchen;others,Yes,Rarely,Category Browsing,First page,3,Yes,Never,Other,Sometimes,Yes,Rarely,Yes,5,No,5,2,Product recommendations,Nil,926517,"['Clothing and Fashion', 'Home and Kitchen', 'Other']"
2023-06-11 23:09:33,53,Other,Few times a month,Groceries and Gourmet Food;Beauty and Personal Care;Clothing and Fashion;others,Yes,Rarely,Not specified,Multiple pages,2,Maybe,Never,High shipping costs,Always,Yes,Heavily,Sometimes,3,Yes,4,4,All the above,No problems with Amazon,743448,"['Groceries and Gourmet Food', 'Beauty and Personal Care', 'Clothing and Fashion', 'Other']"
2023-06-05 10:37:36,64,Female,Less than once a month,Groceries and Gourmet Food;Beauty and Personal Care;Clothing and Fashion;others,No,Few times a month,Filter,First page,2,No,Sometimes,Other,Rarely,No,Heavily,No,4,No,3,5,Competitive prices,Reducing packaging waste,627838,"['Groceries and Gourmet Food', 'Beauty and Personal Care', 'Clothing and Fashion', 'Other']"
2023-06-07 18:30:43,4,Male,Once a month,Groceries and Gourmet Food;Beauty and Personal Care;Clothing and Fashion;Home and Kitchen;others,Sometimes,Few times a week,Keyword Search,First page,3,Yes,Never,Found a better price elsewhere,Always,No,Heavily,Yes,5,Sometimes,5,3,Customer service,Not specified,184290,"['Groceries and Gourmet Food', 'Beauty and Personal Care', 'Clothing and Fashion', 'Home and Kitchen', 'Other']"
2023-06-11 23:28:26,33,Other,Once a month,Groceries and Gourmet Food;Beauty and Personal Care;Clothing and Fashion;Home and Kitchen,Yes,Few times a week,Other,Multiple pages,5,No,Often,Found a better price elsewhere,Always,Yes,Heavily,Sometimes,5,Yes,5,2,Customer service,better app interface and lower shipping charges,851844,"['Groceries and Gourmet Food', 'Beauty and Personal Care', 'Clothing and Fashion', 'Home and Kitchen']"
2023-06-11 22:52:06,29,Male,Once a month,Beauty and Personal Care;Clothing and Fashion,No,Few times a week,Not specified,First page,1,Yes,Rarely,High shipping costs,Sometimes,Yes,Rarely,Yes,2,No,4,3,All the above,Product quality and accuracy,132974,"['Beauty and Personal Care', 'Clothing and Fashion']"
2023-06-08 17:59:25,19,Male,Once a month,Clothing and Fashion;Home and Kitchen;others,Yes,Few times a month,Category Browsing,First page,2,No,Rarely,High shipping costs,Always,No,Moderately,No,1,No,1,3,Quick delivery,I have no problem with Amazon yet. But others tell me about the refund issues,123101,"['Clothing and Fashion', 'Home and Kitchen', 'Other']"
2023-06-07 17:58:12,33,Female,Less than once a month,others,No,Rarely,Keyword Search,Multiple pages,5,Maybe,Sometimes,Found a better price elsewhere,Sometimes,No,Heavily,Yes,2,No,5,3,Wide product selection,better app interface and lower shipping charges,429187,['Other']
2023-06-09 16:31:33,5,Prefer not to say,Once a week,others,Yes,Multiple times a day,Filter,Multiple pages,5,Yes,Often,High shipping costs,Always,Yes,Moderately,Sometimes,5,No,3,3,Wide product selection,Quality of product is very poor according to the big offers,495288,['Other']
2023-06-07 22:10:58,24,Male,Once a week,Clothing and Fashion;Home and Kitchen,Sometimes,Multiple times a day,Other,First page,5,Maybe,Never,High shipping costs,Rarely,Yes,Moderately,Sometimes,4,Yes,2,5,All the above,I don't have any problem with Amazon,837831,"['Clothing and Fashion', 'Home and Kitchen']"
2023-06-09 19:22:11,40,Male,Few times a month,Clothing and Fashion,No,Rarely,Category Browsing,Multiple pages,4,Yes,Often,Other,Sometimes,No,Occasionally,No,1,Sometimes,2,1,Product recommendations,I have no problem with Amazon yet. But others tell me about the refund issues,285095,['Clothing and Fashion']
2023-06-11 23:08:35,17,Prefer not to say,Multiple times a week,Groceries and Gourmet Food;Home and Kitchen;others,No,Rarely,Other,Multiple pages,5,Maybe,Rarely,Other,Rarely,No,Rarely,No,5,No,3,5,Customer service,Customer service responsiveness,977144,"['Groceries and Gourmet Food', 'Home and Kitchen', 'Other']"
2023-06-08 17:23:05,65,Male,Multiple times a week,Home and Kitchen,No,Rarely,Filter,First page,5,Maybe,Always,Other,Sometimes,Yes,Moderately,Sometimes,5,Yes,3,5,Quick delivery,I have no problem with Amazon yet. But others tell me about the refund issues,590079,['Home and Kitchen']
2023-06-06 19:42:51,22,Male,Less than once a month,Groceries and Gourmet Food;Clothing and Fashion,Sometimes,Few times a month,Keyword Search,Multiple pages,3,Maybe,Sometimes,Changed my mind or no longer need the item,Often,No,Moderately,Sometimes,2,Sometimes,4,1,Wide product selection,Shipping speed and reliability,886488,"['Groceries and Gourmet Food', 'Clothing and Fashion']"
2023-06-06 16:25:49,46,Other,Few times a month,Beauty and Personal Care;Clothing and Fashion;others,No,Multiple times a day,Keyword Search,First page,3,No,Sometimes,Found a better price elsewhere,Always,Yes,Heavily,Yes,5,No,5,5,User-friendly website/app interface,I don't have any problem with Amazon,541525,"['Beauty and Personal Care', 'Clothing and Fashion', 'Other']"
2023-06-11 23:06:52,53,Other,Multiple times a week,Groceries and Gourmet Food;Clothing and Fashion,No,Multiple times a day,Other,Multiple pages,3,Yes,Always,Changed my mind or no longer need the item,Always,Yes,Rarely,Yes,4,Yes,3,1,Competitive prices,Quality of product is very poor according to the big offers,552825,"['Groceries and Gourmet Food', 'Clothing and Fashion']"
2023-06-11 22:52:06,58,Other,Less than once a month,Clothing and Fashion;Home and Kitchen;others,Sometimes,Few times a month,Category Browsing,Multiple pages,5,No,Sometimes,Changed my mind or no longer need the item,Sometimes,No,Moderately,Sometimes,5,Yes,4,1,Product recommendations,Irrelevant product suggestions,378667,"['Clothing and Fashion', 'Home and Kitchen', 'Other']"
2023-06-12 14:48:55,45,Male,Few times a month,Groceries and Gourmet Food;Beauty and Personal Care;Clothing and Fashion,Yes,Multiple times a day,Category Browsing,Multiple pages,1,Maybe,Rarely,High shipping costs,Often,No,Never,Sometimes,4,Yes,2,1,Quick delivery,User interface,366236,"['Groceries and Gourmet Food', 'Beauty and Personal Care', 'Clothing and Fashion']"
2023-06-06 14:07:12,56,Other,Once a month,Clothing and Fashion;others,Yes,Multiple times a day,Other,Multiple pages,2,Maybe,Rarely,High shipping costs,Never,No,Heavily,Yes,3,Sometimes,2,3,Product recommendations,Shipping speed and reliability,903759,"['Clothing and Fashion', 'Other']"
2023-06-06 19:31:34,35,Female,Few times a month,Clothing and Fashion,Sometimes,Rarely,Category Browsing,Multiple pages,2,Maybe,Rarely,Changed my mind or no longer need the item,Rarely,Yes,Occasionally,Yes,3,Yes,1,4,Competitive prices,User interface,401761,['Clothing and Fashion']
2023-06-08 22:24:19,8,Male,Once a week,Beauty and Personal Care;Home and Kitchen,Sometimes,Few times a month,Filter,First page,2,No,Never,Changed my mind or no longer need the item,Sometimes,No,Heavily,No,2,Sometimes,2,4,Quick delivery,Nil,954796,"['Beauty and Personal Care', 'Home and Kitchen']"
2023-06-06 10:36:14,31,Female,Multiple times a week,Groceries and Gourmet Food;Clothing and Fashion;Home and Kitchen,No,Few times a week,Keyword Search,Multiple pages,1,Maybe,Sometimes,Other,Sometimes,No,Never,Sometimes,5,Sometimes,3,5,User-friendly website/app interface,Shipping speed and reliability,428764,"['Groceries and Gourmet Food', 'Clothing and Fashion', 'Home and Kitchen']"
2023-06-09 10:23:45,4,Prefer not to say,Multiple times a week,Groceries and Gourmet Food;Beauty and Personal Care,Sometimes,Rarely,Keyword Search,First page,1,No,Never,Found a better price elsewhere,Always,No,Occasionally,Yes,2,No,5,4,Wide product selection,better app interface and lower shipping charges,464011,"['Groceries and Gourmet Food', 'Beauty and Personal Care']"
2023-06-07 11:46:52,41,Female,Once a month,Groceries and Gourmet Food;Beauty and Personal Care;Home and Kitchen,Yes,Rarely,Not specified,First page,2,Maybe,Always,Found a better price elsewhere,Always,No,Rarely,Sometimes,3,Sometimes,3,2,Wide product selection,better app interface and lower shipping charges,465221,"['Groceries and Gourmet Food', 'Beauty and Personal Care', 'Home and Kitchen']"
2023-06-08 18:39:59,38,Male,Less than once a month,Clothing and Fashion;Home and Kitchen,Sometimes,Few times a week,Category Browsing,Multiple pages,3,No,Always,Other,Rarely,No,Never,No,3,Yes,3,1,Customer service,UI,554494,"['Clothing and Fashion', 'Home and Kitchen']"
2023-06-07 21:19:32,33,Female,Multiple times a week,Groceries and Gourmet Food;Beauty and Personal Care;others,No,Few times a week,Other,Multiple pages,3,No,Always,Other,Never,Yes,Rarely,Sometimes,5,No,5,3,Customer service,Reducing packaging waste,727281,"['Groceries and Gourmet Food', 'Beauty and Personal Care', 'Other']"
2023-06-06 19:18:52,7,Other,Once a week,Groceries and Gourmet Food;Beauty and Personal Care;Clothing and Fashion,No,Few times a month,Keyword Search,First page,1,Maybe,Never,Changed my mind or no longer need the item,Sometimes,Yes,Never,Sometimes,3,No,5,3,Wide product selection,Customer service responsiveness,990360,"['Groceries and Gourmet Food', 'Beauty and Personal Care', 'Clothing and Fashion']"
2023-06-06 20:01:47,48,Male,Once a month,Clothing and Fashion;others,Yes,Rarely,Not specified,First page,1,No,Sometimes,Changed my mind or no longer need the item,Often,No,Occasionally,Yes,3,Yes,3,3,Not specified,Nil,838889,"['Clothing and Fashion', 'Other']"
2023-06-11 23:10:14,65,Male,Less than once a month,Beauty and Personal Care;Clothing and Fashion;others,Yes,Multiple times a day,Keyword Search,Multiple pages,5,No,Rarely,Other,Often,Yes,Heavily,Yes,3,Yes,1,4,Customer service,Reducing packaging waste,606907,"['Beauty and Personal Care', 'Clothing and Fashion', 'Other']"
2023-06-09 10:26:51,15,Male,Less than once a month,Clothing and Fashion;Home and Kitchen,Yes,Rarely,Category Browsing,Multiple pages,5,Maybe,Sometimes,Changed my mind or no longer need the item,Sometimes,Yes,Never,No,1,Sometimes,3,5,User-friendly website/app interface,Product quality and accuracy,582156,"['Clothing and Fashion', 'Home and Kitchen']"
2023-06-08 17:39:54,58,Female,Once a week,Groceries and Gourmet Food;Clothing and Fashion;Home and Kitchen;others,Yes,Few times a month,Category Browsing,First page,3,No,Always,Found a better price elsewhere,Sometimes,No,Rarely,Yes,3,Sometimes,1,2,Customer service,Nothing,124242,"['Groceries and Gourmet Food', 'Clothing and Fashion', 'Home and Kitchen', 'Other']"
2023-06-09 14:42:24,12,Male,Multiple times a week,Beauty and Personal Care;Clothing and Fashion;Home and Kitchen;others,Yes,Few times a month,Other,Multiple pages,3,Yes,Rarely,Other,Often,No,Occasionally,Sometimes,2,No,3,3,Wide product selection,Nil,937223,"['Beauty and Personal Care', 'Clothing and Fashion', 'Home and Kitchen', 'Other']"
2023-06-04 22:37:00,6,Other,Less than once a month,Groceries and Gourmet Food;Home and Kitchen,Sometimes,Rarely,Keyword Search,Multiple pages,1,Maybe,Never,Found a better price elsewhere,Sometimes,Yes,Moderately,No,4,No,2,2,Competitive prices,Customer service responsiveness,720409,"['Groceries and Gourmet Food', 'Home and Kitchen']"
2023-06-07 13:00:09,61,Male,Once a month,Groceries and Gourmet Food;Beauty and Personal Care,Sometimes,Few times a month,Other,First page,4,Yes,Often,Found a better price elsewhere,Rarely,Yes,Moderately,Sometimes,1,Yes,4,4,Product recommendations,Shipping speed and reliability,682952,"['Groceries and Gourmet Food', 'Beauty and Personal Care']"
2023-06-09 16:31:33,38,Female,Few times a month,Groceries and Gourmet Food;Beauty and Personal Care;Clothing and Fashion,Yes,Multiple times a day,Not specified,Multiple pages,5,Maybe,Always,Changed my mind or no longer need the item,Never,Yes,Rarely,Yes,2,Sometimes,4,3,Competitive prices,better app interface and lower shipping charges,636592,"['Groceries and Gourmet Food', 'Beauty and Personal Care', 'Clothing and Fashion']"
2023-06-04 20:48:59,59,Male,Less than once a month,Clothing and Fashion;Home and Kitchen,No,Multiple times a day,Other,Multiple pages,5,Maybe,Never,High shipping costs,Rarely,Yes,Occasionally,Yes,4,No,5,3,Competitive prices,I don't have any problem with Amazon,450488,"['Clothing and Fashion', 'Home and Kitchen']"
2023-06-05 21:58:17,3,Prefer not to say,Once a week,Groceries and Gourmet Food;Clothing and Fashion;Home and Kitchen;others,Sometimes,Multiple times a day,Not specified,First page,4,Maybe,Never,Other,Often,Yes,Heavily,No,2,No,5,2,Wide product selection,Scrolling option would be much better than going to next page,322984,"['Groceries and Gourmet Food', 'Clothing and Fashion', 'Home and Kitchen', 'Other']"
2023-06-08 20:26:58,18,Male,Few times a month,Groceries and Gourmet Food,Sometimes,Multiple times a day,Category Browsing,Multiple pages,1,Yes,Often,Found a better price elsewhere,Never,Yes,Rarely,Sometimes,1,Yes,1,3,User-friendly website/app interface,User interface,293123,['Groceries and Gourmet Food']
2023-06-07 03:08:03,35,Other,Less than once a month,Groceries and Gourmet Food;Beauty and Personal Care;Clothing and Fashion,Sometimes,Multiple times a day,Category Browsing,First page,2,Yes,Rarely,Changed my mind or no longer need the item,Rarely,No,Never,No,3,No,3,1,Wide product selection,User interface,256411,"['Groceries and Gourmet Food', 'Beauty and Personal Care', 'Clothing and Fashion']"
2023-06-04 18:31:41,61,Female,Few times a month,Clothing and Fashion;Home and Kitchen,Sometimes,Multiple times a day,Keyword Search,First page,2,Yes,Often,Found a better price elsewhere,Always,Yes,Moderately,Sometimes,5,No,3,3,Customer service,I have no problem with Amazon yet. But others tell me about the refund issues,902719,"['Clothing and Fashion', 'Home and Kitchen']"
2023-06-09 09:31:57,9,Male,Less than once a month,Groceries and Gourmet Food;Clothing and Fashion;others,Sometimes,Multiple times a day,Other,First page,1,Yes,Always,High shipping costs,Rarely,Yes,Moderately,Yes,2,Yes,1,2,All the above,Shipping speed and reliability,224992,"['Groceries and Gourmet Food', 'Clothing and Fashion', 'Other']"
2023-06-07 22:20:09,46,Female,Less than once a month,Groceries and Gourmet Food;Clothing and Fashion;Home and Kitchen,Sometimes,Few times a month,Keyword Search,Multiple pages,5,Yes,Sometimes,Found a better price elsewhere,Never,No,Never,No,4,No,2,1,Quick delivery,Customer service responsiveness,174407,"['Groceries and Gourmet Food', 'Clothing and Fashion', 'Home and Kitchen']"
2023-06-09 15:00:03,65,Other,Once a week,Clothing and Fashion;Home and Kitchen;others,Sometimes,Rarely,Keyword Search,First page,1,No,Never,Changed my mind or no longer need the item,Never,Yes,Rarely,No,2,Yes,4,5,Not specified,No problems with Amazon,292978,"['Clothing and Fashion', 'Home and Kitchen', 'Other']"
2023-06-04 20:39:53,22,Male,Once a month,Groceries and Gourmet Food;Beauty and Personal Care;Clothing and Fashion;others,Sometimes,Few times a week,Not specified,First page,2,Maybe,Always,High shipping costs,Rarely,No,Occasionally,Yes,2,No,1,3,Competitive prices,Nil,863238,"['Groceries and Gourmet Food', 'Beauty and Personal Care', 'Clothing and Fashion', 'Other']"
2023-06-06 12:00:16,59,Prefer not to say,Once a month,Clothing and Fashion,Sometimes,Few times a month,Not specified,First page,2,Maybe,Never,Found a better price elsewhere,Always,No,Rarely,Yes,4,No,4,2,All the above,Shipping speed and reliability,197090,['Clothing and Fashion']
2023-06-09 14:41:53,16,Prefer not to say,Few times a month,Groceries and Gourmet Food;Beauty and Personal Care;Clothing and Fashion;Home and Kitchen;others,No,Few times a month,Not specified,First page,5,Maybe,Always,High shipping costs,Sometimes,Yes,Moderately,Yes,1,No,3,2,Competitive prices,UI,556881,"['Groceries and Gourmet Food', 'Beauty and Personal Care', 'Clothing and Fashion', 'Home and Kitchen', 'Other']"
2023-06-09 19:24:57,31,Male,Less than once a month,Beauty and Personal Care;Clothing and Fashion;Home and Kitchen;others,No,Rarely,Filter,First page,3,No,Often,Found a better price elsewhere,Always,Yes,Rarely,No,5,No,5,5,Product recommendations,No problems with Amazon,711071,"['Beauty and Personal Care', 'Clothing and Fashion', 'Home and Kitchen', 'Other']"
2023-06-05 09:56:58,58,Other,Multiple times a week,Groceries and Gourmet Food;Beauty and Personal Care;Home and Kitchen,Yes,Rarely,Other,First page,3,Yes,Never,Found a better price elsewhere,Always,No,Heavily,Yes,2,Sometimes,4,4,Wide product selection,Irrelevant product suggestions,877624,"['Groceries and Gourmet Food', 'Beauty and Personal Care', 'Home and Kitchen']"
2023-06-07 12:01:15,57,Other,Multiple times a week,Groceries and Gourmet Food;Clothing and Fashion;Home and Kitchen;others,No,Multiple times a day,Keyword Search,Multiple pages,2,Maybe,Often,Other,Always,No,Moderately,Yes,2,Sometimes,1,3,Product recommendations,Irrelevant product suggestions,223075,"['Groceries and Gourmet Food', 'Clothing and Fashion', 'Home and Kitchen', 'Other']"
2023-06-07 22:16:22,50,Prefer not to say,Once a month,Clothing and Fashion;others,Yes,Few times a week,Other,First page,5,Yes,Never,Found a better price elsewhere,Often,No,Moderately,Sometimes,3,No,2,2,User-friendly website/app interface,Nil,101141,"['Clothing and Fashion', 'Other']"
2023-06-06 19:10:14,47,Female,Less than once a month,Groceries and Gourmet Food;Beauty and Personal Care;Clothing and Fashion,No,Few times a month,Other,First page,2,No,Never,Found a better price elsewhere,Often,No,Occasionally,Sometimes,2,No,2,2,All the above,Not specified,694180,"['Groceries and Gourmet Food', 'Beauty and Personal Care', 'Clothing and Fashion']"
2023-06-11 09:31:41,9,Female,Multiple times a week,Beauty and Personal Care;Home and Kitchen;others,Sometimes,Few times a month,Other,Multiple pages,1,Maybe,Often,Other,Sometimes,Yes,Heavily,Yes,2,No,4,2,Customer service,Reducing packaging waste,747548,"['Beauty and Personal Care', 'Home and Kitchen', 'Other']"
2023-06-08 17:37:58,6,Male,Once a week,Groceries and Gourmet Food;Clothing and Fashion;Home and Kitchen,No,Rarely,Filter,First page,4,Maybe,Often,Changed my mind or no longer need the item,Rarely,No,Heavily,No,5,Yes,2,4,All the above,Product quality and accuracy,527994,"['Groceries and Gourmet Food', 'Clothing and Fashion', 'Home and Kitchen']"
2023-06-04 22:37:00,43,Female,Few times a month,Clothing and Fashion;others,No,Multiple times a day,Filter,Multiple pages,5,No,Always,Other,Sometimes,No,Moderately,No,2,Yes,4,5,All the above,Customer service responsiveness,817828,"['Clothing and Fashion', 'Other']"
2023-06-07 19:17:13,43,Male,Few times a month,Groceries and Gourmet Food;Home and Kitchen,No,Few times a week,Not specified,First page,5,Maybe,Always,High shipping costs,Often,No,Rarely,Sometimes,4,Yes,3,3,Wide product selection,Quality of product is very poor according to the big offers,406879,"['Groceries and Gourmet Food', 'Home and Kitchen']"
2023-06-07 21:18:55,25,Prefer not to say,Less than once a month,Groceries and Gourmet Food;Clothing and Fashion,Sometimes,Few times a month,Other,First page,2,Maybe,Never,Found a better price elsewhere,Sometimes,Yes,Moderately,Sometimes,4,Yes,2,5,User-friendly website/app interface,UI,816069,"['Groceries and Gourmet Food', 'Clothing and Fashion']"
2023-06-07 14:40:30,47,Prefer not to say,Less than once a month,Clothing and Fashion,Sometimes,Rarely,Other,Multiple pages,4,No,Always,Changed my mind or no longer need the item,Never,No,Moderately,No,5,Sometimes,3,1,Wide product selection,Nothing,429205,['Clothing and Fashion']
2023-06-05 00:36:02,25,Prefer not to say,Less than once a month,Groceries and Gourmet Food;Beauty and Personal Care;others,Sometimes,Rarely,Category Browsing,Multiple pages,4,Yes,Rarely,Changed my mind or no longer need the item,Sometimes,No,Heavily,No,5,No,1,3,Customer service,Customer service responsiveness,507272,"['Groceries and Gourmet Food', 'Beauty and Personal Care', 'Other']"
2023-06-06 18:46:21,28,Prefer not to say,Once a week,Clothing and Fashion,No,Few times a month,Other,First page,4,No,Never,Changed my mind or no longer need the item,Never,No,Occasionally,No,5,No,2,2,Customer service,Scrolling option would be much better than going to next page,116316,['Clothing and Fashion']
2023-06-04 21:48:15,62,Prefer not to say,Once a month,Beauty and Personal Care;Clothing and Fashion;Home and Kitchen,Sometimes,Multiple times a day,Filter,Multiple pages,5,No,Always,High shipping costs,Never,No,Rarely,No,4,Sometimes,5,4,Wide product selection,Add more familiar brands to the list,611044,"['Beauty and Personal Care', 'Clothing and Fashion', 'Home and Kitchen']"
2023-06-09 10:22:35,66,Male,Once a month,Groceries and Gourmet Food;Beauty and Personal Care;others,No,Few times a month,Filter,Multiple pages,4,Yes,Often,Changed my mind or no longer need the item,Rarely,No,Heavily,Yes,4,Sometimes,2,3,Customer service,Nil,547770,"['Groceries and Gourmet Food', 'Beauty and Personal Care', 'Other']"
2023-06-12 14:41:06,63,Female,Once a month,Groceries and Gourmet Food;Home and Kitchen;others,No,Few times a month,Other,Multiple pages,3,Yes,Never,Found a better price elsewhere,Rarely,Yes,Never,No,2,Sometimes,1,4,Not specified,Irrelevant product suggestions,434855,"['Groceries and Gourmet Food', 'Home and Kitchen', 'Other']"
2023-06-05 21:56:02,35,Female,Less than once a month,Beauty and Personal Care;Clothing and Fashion;others,Sometimes,Few times a month,Other,Multiple pages,4,Yes,Rarely,Other,Rarely,Yes,Rarely,No,2,Sometimes,4,1,Wide product selection,Irrelevant product suggestions,793765,"['Beauty and Personal Care', 'Clothing and Fashion', 'Other']"
2023-06-06 19:46:27,7,Female,Once a month,Beauty and Personal Care;Clothing and Fashion;Home and Kitchen;others,Sometimes,Few times a week,Not specified,First page,2,No,Never,Found a better price elsewhere,Often,Yes,Heavily,No,1,Yes,2,3,Customer service,No problems with Amazon,230039,"['Beauty and Personal Care', 'Clothing and Fashion', 'Home and Kitchen', 'Other']"
2023-06-11 22:49:49,47,Other,Once a month,Groceries and Gourmet Food;Clothing and Fashion;others,Yes,Few times a month,Not specified,First page,3,Yes,Never,Changed my mind or no longer need the item,Rarely,No,Occasionally,Yes,1,Yes,5,1,All the above,Add more familiar brands to the list,362345,"['Groceries and Gourmet Food', 'Clothing and Fashion', 'Other']"
2023-06-09 10:31:15,43,Male,Once a month,Groceries and Gourmet Food,No,Multiple times a day,Filter,Multiple pages,4,Maybe,Sometimes,Found a better price elsewhere,Always,Yes,Rarely,Sometimes,1,Sometimes,1,4,Not specified,Add more familiar brands to the list,250688,['Groceries and Gourmet Food']
2023-06-07 22:21:00,61,Prefer not to say,Once a month,Clothing and Fashion;Home and Kitchen,Sometimes,Few times a month,Category Browsing,Multiple pages,2,Maybe,Always,High shipping costs,Often,Yes,Occasionally,No,5,No,4,2,Not specified,Reducing packaging waste,635107,"['Clothing and Fashion', 'Home and Kitchen']"
2023-06-08 21:39:30,20,Male,Multiple times a week,Groceries and Gourmet Food;Beauty and Personal Care;Clothing and Fashion;Home and Kitchen;others,Yes,Rarely,Keyword Search,First page,1,Yes,Never,Found a better price elsewhere,Often,No,Heavily,No,3,Sometimes,2,5,Competitive prices,No problems with Amazon,229179,"['Groceries and Gourmet Food', 'Beauty and Personal Care', 'Clothing and Fashion', 'Home and Kitchen', 'Other']"
2023-06-07 22:58:04,22,Male,Once a month,Clothing and Fashion,No,Few times a month,Not specified,Multiple pages,5,Maybe,Rarely,Changed my mind or no longer need the item,Sometimes,No,Occasionally,No,5,Yes,1,2,Product recommendations,Add more familiar brands to the list,589146,['Clothing and Fashion']
2023-06-07 20:20:23,35,Other,Multiple times a week,Clothing and Fashion;Home and Kitchen;others,Yes,Few times a month,Keyword Search,First page,2,Maybe,Often,Other,Always,No,Heavily,No,2,No,2,1,User-friendly website/app interface,Irrelevant product suggestions,197572,"['Clothing and Fashion', 'Home and Kitchen', 'Other']"
2023-06-06 14:07:12,34,Prefer not to say,Once a month,Clothing and Fashion;Home and Kitchen,Yes,Few times a week,Category Browsing,First page,1,Maybe,Always,Other,Never,No,Never,Sometimes,2,No,2,2,Customer service,Scrolling option would be much better than going to next page,388026,"['Clothing and Fashion', 'Home and Kitchen']"
2023-06-07 22:17:40,36,Male,Once a week,Groceries and Gourmet Food,Yes,Few times a week,Category Browsing,First page,2,No,Always,Found a better price elsewhere,Often,Yes,Rarely,No,5,No,5,1,Quick delivery,UI,632927,['Groceries and Gourmet Food']
2023-06-06 18:32:36,13,Other,Once a month,Groceries and Gourmet Food;Beauty and Personal Care;Clothing and Fashion,Yes,Rarely,Filter,First page,4,Yes,Often,High shipping costs,Often,No,Never,Sometimes,3,Sometimes,4,1,User-friendly website/app interface,Nil,744331,"['Groceries and Gourmet Food', 'Beauty and Personal Care', 'Clothing and Fashion']"
2023-06-12 14:48:55,64,Male,Multiple times a week,Beauty and Personal Care;Clothing and Fashion;Home and Kitchen;others,Sometimes,Few times a month,Filter,First page,1,No,Sometimes,Found a better price elsewhere,Rarely,No,Occasionally,Yes,2,Yes,2,3,Competitive prices,Not specified,319363,"['Beauty and Personal Care', 'Clothing and Fashion', 'Home and Kitchen', 'Other']"
2023-06-05 09:56:58,23,Female,Few times a month,Beauty and Personal Care;Clothing and Fashion;others,Sometimes,Rarely,Not specified,First page,1,Yes,Sometimes,Found a better price elsewhere,Always,No,Occasionally,No,5,Sometimes,1,3,Customer service,Reducing packaging waste,947564,"['Beauty and Personal Care', 'Clothing and Fashion', 'Other']"
2023-06-08 17:55:15,50,Prefer not to say,Less than once a month,Beauty and Personal Care;Clothing and Fashion;others,No,Multiple times a day,Other,Multiple pages,3,Yes,Sometimes,High shipping costs,Sometimes,No,Occasionally,Yes,3,Sometimes,1,3,Customer service,Irrelevant product suggestions,310840,"['Beauty and Personal Care', 'Clothing and Fashion', 'Other']"
2023-06-09 14:34:43,14,Female,Less than once a month,Groceries and Gourmet Food;Home and Kitchen,No,Rarely,Keyword Search,Multiple pages,1,Yes,Often,Changed my mind or no longer need the item,Never,Yes,Never,Yes,1,No,5,2,User-friendly website/app interface,Reducing packaging waste,879680,"['Groceries and Gourmet Food', 'Home and Kitchen']"
2023-06-07 13:04:07,33,Male,Few times a month,Groceries and Gourmet Food;Clothing and Fashion;Home and Kitchen;others,Yes,Few times a month,Other,Multiple pages,2,No,Sometimes,High shipping costs,Always,No,Heavily,Sometimes,5,No,5,2,All the above,Not specified,107484,"['Groceries and Gourmet Food', 'Clothing and Fashion', 'Home and Kitchen', 'Other']"
2023-06-05 21:56:08,31,Male,Once a month,Groceries and Gourmet Food;Home and Kitchen;others,Sometimes,Few times a week,Other,First page,3,Maybe,Rarely,Found a better price elsewhere,Often,Yes,Occasionally,Sometimes,2,No,4,4,User-friendly website/app interface,Scrolling option would be much better than going to next page,652421,"['Groceries and Gourmet Food', 'Home and Kitchen', 'Other']"
2023-06-05 14:25:28,61,Other,Once a week,Clothing and Fashion;Home and Kitchen,Yes,Multiple times a day,Category Browsing,Multiple pages,4,Yes,Sometimes,High shipping costs,Rarely,Yes,Heavily,Yes,2,Yes,5,2,User-friendly website/app interface,Product quality and accuracy,461006,"['Clothing and Fashion', 'Home and Kitchen']"
2023-06-09 15:08:38,4,Other,Multiple times a week,Beauty and Personal Care;Clothing and Fashion,Yes,Multiple times a day,Filter,Multiple pages,5,Maybe,Rarely,Found a better price elsewhere,Often,No,Occasionally,Yes,2,Sometimes,2,2,All the above,User interface of app,169627,"['Beauty and Personal Care', 'Clothing and Fashion']"
2023-06-12 15:44:16,60,Male,Once a week,Beauty and Personal Care;others,Yes,Multiple times a day,Category Browsing,First page,2,Yes,Sometimes,Changed my mind or no longer need the item,Often,Yes,Moderately,Sometimes,4,Yes,2,5,Customer service,Scrolling option would be much better than going to next page,654571,"['Beauty and Personal Care', 'Other']"
2023-06-08 17:49:59,6,Prefer not to say,Less than once a month,Groceries and Gourmet Food;Clothing and Fashion;others,Sometimes,Multiple times a day,Other,First page,3,Yes,Often,Changed my mind or no longer need the item,Never,No,Occasionally,Yes,5,No,2,4,Customer service,I don't have any problem with Amazon,602668,"['Groceries and Gourmet Food', 'Clothing and Fashion', 'Other']"
2023-06-09 10:22:35,32,Female,Multiple times a week,Home and Kitchen;others,Sometimes,Rarely,Other,First page,1,Yes,Never,High shipping costs,Never,No,Moderately,Sometimes,5,No,5,4,Not specified,Add more familiar brands to the list,917950,"['Home and Kitchen', 'Other']"
2023-06-09 10:58:44,60,Male,Once a month,Groceries and Gourmet Food;Beauty and Personal Care;Clothing and Fashion;Home and Kitchen;others,No,Multiple times a day,Not specified,Multiple pages,2,Maybe,Often,Found a better price elsewhere,Never,No,Occasionally,Yes,4,No,2,3,Customer service,Customer service responsiveness,746618,"['Groceries and Gourmet Food', 'Beauty and Personal Care', 'Clothing and Fashion', 'Home and Kitchen', 'Other']"
2023-06-09 10:31:15,8,Prefer not to say,Once a week,Clothing and Fashion,No,Multiple times a day,Keyword Search,Multiple pages,5,Yes,Always,High shipping costs,Always,No,Rarely,Sometimes,1,No,4,1,Wide product selection,Nothing,483747,['Clothing and Fashion']
2023-06-07 09:19:23,33,Female,Multiple times a week,Beauty and Personal Care;others,No,Few times a week,Not specified,First page,5,No,Never,Found a better price elsewhere,Sometimes,Yes,Heavily,Yes,4,No,4,4,Not specified,UI,764404,"['Beauty and Personal Care', 'Other']"
2023-06-05 18:49:25,38,Prefer not to say,Less than once a month,Groceries and Gourmet Food;Beauty and Personal Care;Clothing and Fashion;Home and Kitchen,Sometimes,Few times a month,Other,Multiple pages,2,Yes,Rarely,Other,Never,No,Rarely,Yes,1,No,4,2,User-friendly website/app interface,Shipping speed and reliability,358108,"['Groceries and Gourmet Food', 'Beauty and Personal Care', 'Clothing and Fashion', 'Home and Kitchen']"
2023-06-05 11:20:41,18,Prefer not to say,Once a month,Beauty and Personal Care;Home and Kitchen,Yes,Few times a week,Not specified,First page,2,Maybe,Rarely,Found a better price elsewhere,Sometimes,Yes,Never,No,1,Sometimes,2,3,User-friendly website/app interface,I have no problem with Amazon yet. But others tell me about the refund issues,239672,"['Beauty and Personal Care', 'Home and Kitchen']"
2023-06-12 21:57:20,56,Female,Multiple times a week,Beauty and Personal Care;Clothing and Fashion;Home and Kitchen,Sometimes,Few times a week,Other,Multiple pages,2,No,Often,High shipping costs,Rarely,Yes,Rarely,Yes,1,Yes,1,3,All the above,I don't have any problem with Amazon,520943,"['Beauty and Personal Care', 'Clothing and Fashion', 'Home and Kitchen']"
2023-06-07 14:33:56,31,Prefer not to say,Once a week,Groceries and Gourmet Food,No,Few times a month,Other,First page,1,Maybe,Never,Found a better price elsewhere,Rarely,No,Occasionally,Yes,4,No,5,3,Product recommendations,No problems with Amazon,436923,['Groceries and Gourmet Food']
2023-06-09 10:59:38,12,Prefer not to say,Less than once a month,Groceries and Gourmet Food;Beauty and Personal Care;Clothing and Fashion,No,Multiple times a day,Category Browsing,Multiple pages,5,Yes,Never,High shipping costs,Always,No,Heavily,Yes,4,Yes,4,3,User-friendly website/app interface,Irrelevant product suggestions,539530,"['Groceries and Gourmet Food', 'Beauty and Personal Care', 'Clothing and Fashion']"
2023-06-08 17:28:47,42,Male,Once a week,Home and Kitchen;others,Sometimes,Multiple times a day,Category Browsing,First page,3,No,Sometimes,High shipping costs,Rarely,No,Rarely,Sometimes,1,Yes,5,4,All the above,User interface,856867,"['Home and Kitchen', 'Other']"
2023-06-06 20:08:19,18,Female,Multiple times a week,Groceries and Gourmet Food;Home and Kitchen,No,Rarely,Filter,First page,1,Maybe,Never,Other,Always,No,Occasionally,Sometimes,3,No,4,3,Customer service,User interface,917117,"['Groceries and Gourmet Food', 'Home and Kitchen']"
2023-06-06 16:25:49,58,Female,Few times a month,Groceries and Gourmet Food;Beauty and Personal Care;Home and Kitchen,No,Rarely,Filter,First page,4,Yes,Never,Found a better price elsewhere,Sometimes,Yes,Never,Sometimes,4,Sometimes,3,1,Customer service,Not specified,322019,"['Groceries and Gourmet Food', 'Beauty and Personal Care', 'Home and Kitchen']"
2023-06-07 21:23:39,57,Male,Multiple times a week,Clothing and Fashion;Home and Kitchen,No,Few times a month,Not specified,First page,1,Yes,Always,Found a better price elsewhere,Rarely,Yes,Never,No,2,Yes,1,1,Not specified,Add more familiar brands to the list,377439,"['Clothing and Fashion', 'Home and Kitchen']"
2023-06-12 14:54:13,22,Male,Multiple times a week,Beauty and Personal Care;Home and Kitchen;others,Sometimes,Few times a week,Filter,Multiple pages,2,Yes,Often,High shipping costs,Often,No,Never,No,2,Sometimes,2,5,Competitive prices,Scrolling option would be much better than going to next page,703296,"['Beauty and Personal Care', 'Home and Kitchen', 'Other']"
2023-06-12 15:35:24,3,Male,Once a month,Groceries and Gourmet Food;Beauty and Personal Care;Home and Kitchen,No,Few times a week,Keyword Search,First page,5,Maybe,Rarely,Other,Never,Yes,Occasionally,No,5,No,1,4,Wide product selection,better app interface and lower shipping charges,266978,"['Groceries and Gourmet Food', 'Beauty and Personal Care', 'Home and Kitchen']"
2023-06-04 21:29:59,33,Female,Multiple times a week,Groceries and Gourmet Food;Beauty and Personal Care;Home and Kitchen,No,Few times a month,Other,Multiple pages,2,Yes,Always,High shipping costs,Rarely,Yes,Heavily,Yes,3,Yes,4,4,Not specified,Quality of product is very poor according to the big offers,614065,"['Groceries and Gourmet Food', 'Beauty and Personal Care', 'Home and Kitchen']"
2023-06-11 23:15:37,6,Male,Once a week,Clothing and Fashion;Home and Kitchen,Sometimes,Few times a week,Other,Multiple pages,4,No,Never,Found a better price elsewhere,Always,Yes,Never,Sometimes,1,Sometimes,4,1,User-friendly website/app interface,Quality of product is very poor according to the big offers,673350,"['Clothing and Fashion', 'Home and Kitchen']"
2023-06-08 17:38:57,52,Male,Once a week,Groceries and Gourmet Food;Clothing and Fashion;others,No,Few times a week,Filter,First page,4,Yes,Always,Changed my mind or no longer need the item,Sometimes,No,Occasionally,Sometimes,4,No,5,1,Wide product selection,UI,761726,"['Groceries and Gourmet Food', 'Clothing and Fashion', 'Other']"
2023-06-07 10:58:27,13,Male,Once a month,others,Yes,Few times a month,Not specified,Multiple pages,4,Yes,Rarely,Found a better price elsewhere,Always,No,Never,Yes,1,No,1,5,Customer service,Reducing packaging waste,993456,['Other']
2023-06-06 21:08:39,18,Male,Less than once a month,Beauty and Personal Care;Clothing and Fashion;Home and Kitchen;others,Sometimes,Few times a month,Filter,Multiple pages,5,Yes,Sometimes,High shipping costs,Never,No,Heavily,No,5,No,4,4,Customer service,User interface,472653,"['Beauty and Personal Care', 'Clothing and Fashion', 'Home and Kitchen', 'Other']"
2023-06-04 17:04:56,7,Other,Few times a month,Beauty and Personal Care;Clothing and Fashion;Home and Kitchen,No,Multiple times a day,Filter,Multiple pages,5,Yes,Often,Found a better price elsewhere,Always,Yes,Heavily,Yes,2,Yes,3,4,Not specified,Not specified,478339,"['Beauty and Personal Care', 'Clothing and Fashion', 'Home and Kitchen']"
2023-06-11 23:16:18,7,Male,Few times a month,Groceries and Gourmet Food;Clothing and Fashion;Home and Kitchen,Yes,Rarely,Other,Multiple pages,3,No,Always,Found a better price elsewhere,Always,Yes,Rarely,Sometimes,1,Sometimes,2,4,Customer service,I don't have any problem with Amazon,694712,"['Groceries and Gourmet Food', 'Clothing and Fashion', 'Home and Kitchen']"
2023-06-07 23:02:45,59,Female,Once a month,Groceries and Gourmet Food;Beauty and Personal Care;Home and Kitchen,Sometimes,Few times a week,Other,Multiple pages,2,No,Rarely,High shipping costs,Never,Yes,Never,Yes,2,No,2,4,Not specified,User interface,888696,"['Groceries and Gourmet Food', 'Beauty and Personal Care', 'Home and Kitchen']"
2023-06-11 14:07:39,65,Other,Few times a month,Beauty and Personal Care,Yes,Rarely,Other,Multiple pages,2,No,Often,Other,Always,No,Never,Sometimes,3,Yes,5,4,Not specified,User interface of app,207439,['Beauty and Personal Care']
2023-06-06 19:23:25,9,Other,Few times a month,Groceries and Gourmet Food;Beauty and Personal Care;Clothing and Fashion;Home and Kitchen,No,Few times a week,Category Browsing,Multiple pages,1,Maybe,Rarely,Other,Sometimes,Yes,Moderately,No,5,Yes,5,1,Quick delivery,User interface,531501,"['Groceries and Gourmet Food', 'Beauty and Personal Care', 'Clothing and Fashion', 'Home and Kitchen']"
2023-06-07 10:57:14,49,Female,Multiple times a week,Groceries and Gourmet Food;Beauty and Personal Care;Clothing and Fashion;Home and Kitchen,Yes,Multiple times a day,Category Browsing,Multiple pages,3,No,Always,Found a better price elsewhere,Rarely,No,Rarely,No,4,Yes,1,4,Wide product selection,I have no problem with Amazon yet. But others tell me about the refund issues,189326,"['Groceries and Gourmet Food', 'Beauty and Personal Care', 'Clothing and Fashion', 'Home and Kitchen']"
2023-06-05 21:56:08,64,Male,Less than once a month,Groceries and Gourmet Food;Clothing and Fashion;others,No,Rarely,Not specified,First page,4,Yes,Often,Changed my mind or no longer need the item,Sometimes,No,Rarely,No,3,Sometimes,2,4,Not specified,Quality of product is very poor according to the big offers,752817,"['Groceries and Gourmet Food', 'Clothing and Fashion', 'Other']"
2023-06-06 14:07:12,48,Other,Once a week,Beauty and Personal Care;Clothing and Fashion;Home and Kitchen;others,Yes,Multiple times a day,Keyword Search,First page,2,No,Never,Found a better price elsewhere,Sometimes,No,Occasionally,Yes,3,Sometimes,5,5,Wide product selection,No problems with Amazon,936238,"['Beauty and Personal Care', 'Clothing and Fashion', 'Home and Kitchen', 'Other']"
2023-06-06 09:39:32,61,Female,Once a week,Beauty and Personal Care;Clothing and Fashion,No,Few times a week,Other,Multiple pages,2,Maybe,Rarely,Changed my mind or no longer need the item,Never,No,Moderately,Yes,2,Yes,2,1,Product recommendations,UI,274871,"['Beauty and Personal Care', 'Clothing and Fashion']"
2023-06-08 18:01:33,7,Male,Few times a month,Groceries and Gourmet Food;Home and Kitchen;others,Sometimes,Multiple times a day,Keyword Search,Multiple pages,2,Yes,Always,Changed my mind or no longer need the item,Never,Yes,Heavily,No,2,Yes,5,4,All the above,Nil,613095,"['Groceries and Gourmet Food', 'Home and Kitchen', 'Other']"
2023-06-07 21:18:55,15,Prefer not to say,Multiple times a week,Beauty and Personal Care;Clothing and Fashion;others,No,Rarely,Not specified,Multiple pages,5,No,Always,Changed my mind or no longer need the item,Sometimes,No,Heavily,Yes,3,No,1,3,Wide product selection,User interface of app,231469,"['Beauty and Personal Care', 'Clothing and Fashion', 'Other']"
2023-06-06 18:40:30,34,Prefer not to say,Few times a month,Groceries and Gourmet Food;Beauty and Personal Care;Home and Kitchen,Sometimes,Few times a week,Category Browsing,Multiple pages,1,No,Always,Changed my mind or no longer need the item,Sometimes,No,Occasionally,Yes,4,Yes,1,1,Product recommendations,Customer service responsiveness,323204,"['Groceries and Gourmet Food', 'Beauty and Personal Care', 'Home and Kitchen']"
2023-06-04 23:12:15,8,Prefer not to say,Once a week,Groceries and Gourmet Food;Beauty and Personal Care;Clothing and Fashion,No,Rarely,Other,First page,1,Maybe,Rarely,Found a better price elsewhere,Sometimes,No,Moderately,Sometimes,1,Yes,2,1,All the above,User interface of app,632931,"['Groceries and Gourmet Food', 'Beauty and Personal Care', 'Clothing and Fashion']"
2023-06-07 22:40:10,23,Female,Once a month,Beauty and Personal Care;Clothing and Fashion;Home and Kitchen,No,Few times a week,Keyword Search,Multiple pages,3,Yes,Always,Changed my mind or no longer need the item,Always,No,Occasionally,No,1,No,2,2,Quick delivery,Nil,745098,"['Beauty and Personal Care', 'Clothing and Fashion', 'Home and Kitchen']"
2023-06-09 10:58:13,23,Other,Few times a month,Clothing and Fashion;Home and Kitchen;others,Sometimes,Few times a week,Other,Multiple pages,3,Maybe,Rarely,Changed my mind or no longer need the item,Never,Yes,Moderately,No,1,No,1,5,Wide product selection,No problems with Amazon,405634,"['Clothing and Fashion', 'Home and Kitchen', 'Other']"
2023-06-09 14:22:25,60,Male,Once a week,others,Yes,Rarely,Other,Multiple pages,1,Maybe,Sometimes,Found a better price elsewhere,Sometimes,No,Heavily,No,5,No,3,2,Customer service,better app interface and lower shipping charges,191950,['Other']
2023-06-07 18:16:51,31,Prefer not to say,Once a week,Groceries and Gourmet Food;Clothing and Fashion,Sometimes,Rarely,Filter,Multiple pages,4,Yes,Rarely,Found a better price elsewhere,Rarely,No,Rarely,Sometimes,5,Yes,3,2,User-friendly website/app interface,I don't have any problem with Amazon,318218,"['Groceries and Gourmet Food', 'Clothing and Fashion']"
2023-06-07 13:00:09,35,Male,Multiple times a week,Groceries and Gourmet Food;Beauty and Personal Care;Clothing and Fashion;Home and Kitchen,Sometimes,Multiple times a day,Not specified,Multiple pages,3,Yes,Sometimes,High shipping costs,Never,Yes,Occasionally,Sometimes,4,Sometimes,5,1,Customer service,better app interface and lower shipping charges,288164,"['Groceries and Gourmet Food', 'Beauty and Personal Care', 'Clothing and Fashion', 'Home and Kitchen']"
2023-06-08 03:28:23,50,Male,Few times a month,Clothing and Fashion,Sometimes,Rarely,Not specified,First page,1,Maybe,Rarely,High shipping costs,Never,No,Moderately,Sometimes,1,No,5,4,Customer service,Customer service responsiveness,432769,['Clothing and Fashion']
2023-06-08 22:39:59,40,Other,Multiple times a week,Groceries and Gourmet Food;Beauty and Personal Care;Clothing and Fashion;others,Yes,Few times a week,Other,Multiple pages,4,No,Always,Found a better price elsewhere,Rarely,No,Rarely,Yes,1,Yes,5,2,Customer service,Shipping speed and reliability,356297,"['Groceries and Gourmet Food', 'Beauty and Personal Care', 'Clothing and Fashion', 'Other']"
2023-06-05 00:37:54,27,Other,Once a week,Groceries and Gourmet Food;Beauty and Personal Care;Clothing and Fashion;Home and Kitchen,Yes,Few times a week,Other,First page,4,No,Never,High shipping costs,Often,No,Rarely,No,3,Yes,5,3,Product recommendations,I have no problem with Amazon yet. But others tell me about the refund issues,505738,"['Groceries and Gourmet Food', 'Beauty and Personal Care', 'Clothing and Fashion', 'Home and Kitchen']"
2023-06-09 10:28:23,6,Female,Once a week,Home and Kitchen,Yes,Few times a month,Category Browsing,First page,2,No,Often,Found a better price elsewhere,Never,Yes,Heavily,Sometimes,4,Yes,5,4,All the above,Nil,366676,['Home and Kitchen']
2023-06-09 10:22:35,33,Other,Multiple times a week,Clothing and Fashion;others,Sometimes,Rarely,Keyword Search,Multiple pages,5,Maybe,Never,Changed my mind or no longer need the item,Often,Yes,Rarely,No,3,Sometimes,2,5,Product recommendations,I don't have any problem with Amazon,241609,"['Clothing and Fashion', 'Other']"
2023-06-06 20:57:23,48,Male,Less than once a month,Groceries and Gourmet Food;Home and Kitchen;others,Yes,Few times a month,Category Browsing,First page,5,Maybe,Often,Changed my mind or no longer need the item,Rarely,No,Occasionally,Sometimes,2,Yes,2,5,All the above,I don't have any problem with Amazon,500993,"['Groceries and Gourmet Food', 'Home and Kitchen', 'Other']"
2023-06-07 22:39:21,23,Male,Few times a month,Clothing and Fashion;others,No,Few times a month,Keyword Search,Multiple pages,4,Yes,Often,Changed my mind or no longer need the item,Always,No,Heavily,Yes,2,Yes,4,5,Customer service,Scrolling option would be much better than going to next page,305338,"['Clothing and Fashion', 'Other']"
2023-06-04 19:48:31,60,Female,Few times a month,Beauty and Personal Care;Clothing and Fashion,No,Few times a month,Keyword Search,Multiple pages,1,Maybe,Often,Changed my mind or no longer need the item,Sometimes,Yes,Moderately,No,5,No,5,2,Customer service,UI,909845,"['Beauty and Personal Care', 'Clothing and Fashion']"
2023-06-04 20:54:36,10,Other,Once a week,Groceries and Gourmet Food;Beauty and Personal Care;Clothing and Fashion;Home and Kitchen;others,Yes,Multiple times a day,Keyword Search,Multiple pages,4,Maybe,Always,Changed my mind or no longer need the item,Sometimes,Yes,Moderately,Sometimes,4,Sometimes,4,2,Quick delivery,Nothing,653578,"['Groceries and Gourmet Food', 'Beauty and Personal Care', 'Clothing and Fashion', 'Home and Kitchen', 'Other']"
2023-06-07 12:01:15,9,Other,Multiple times a week,Beauty and Personal Care;Home and Kitchen,No,Few times a month,Other,First page,5,Yes,Often,High shipping costs,Sometimes,Yes,Rarely,No,4,Sometimes,2,5,Customer service,Nil,390973,"['Beauty and Personal Care', 'Home and Kitchen']"
2023-06-11 23:26:21,50,Male,Multiple times a week,Beauty and Personal Care;Clothing and Fashion;others,No,Multiple times a day,Filter,First page,3,No,Always,Found a better price elsewhere,Never,Yes,Rarely,No,3,Yes,2,5,Competitive prices,Nil,122036,"['Beauty and Personal Care', 'Clothing and Fashion', 'Other']"
2023-06-08 03:25:32,33,Female,Once a month,Clothing and Fashion;Home and Kitchen;others,Sometimes,Few times a week,Not specified,Multiple pages,2,No,Rarely,Changed my mind or no longer need the item,Always,Yes,Never,Yes,5,Sometimes,4,2,Not specified,Nil,757567,"['Clothing and Fashion', 'Home and Kitchen', 'Other']"
2023-06-07 21:53:52,7,Female,Once a week,Groceries and Gourmet Food;Beauty and Personal Care;Home and Kitchen,No,Multiple times a day,Keyword Search,Multiple pages,1,No,Often,Found a better price elsewhere,Never,Yes,Moderately,Sometimes,1,Sometimes,5,2,Not specified,I don't have any problem with Amazon,513981,"['Groceries and Gourmet Food', 'Beauty and Personal Care', 'Home and Kitchen']"
2023-06-04 21:10:51,15,Female,Less than once a month,Groceries and Gourmet Food;Clothing and Fashion;others,Yes,Multiple times a day,Category Browsing,First page,5,No,Often,High shipping costs,Never,No,Rarely,Yes,2,Sometimes,4,5,Competitive prices,User interface of app,965845,"['Groceries and Gourmet Food', 'Clothing and Fashion', 'Other']"
2023-06-08 17:40:49,30,Male,Less than once a month,Groceries and Gourmet Food;Beauty and Personal Care;Clothing and Fashion;Home and Kitchen,Sometimes,Few times a week,Category Browsing,First page,3,Yes,Rarely,Other,Often,No,Heavily,Sometimes,5,Sometimes,1,4,All the above,Reducing packaging waste,154291,"['Groceries and Gourmet Food', 'Beauty and Personal Care', 'Clothing and Fashion', 'Home and Kitchen']"
2023-06-05 21:58:17,59,Prefer not to say,Less than once a month,Groceries and Gourmet Food;Beauty and Personal Care,Sometimes,Few times a week,Category Browsing,Multiple pages,1,Yes,Rarely,Found a better price elsewhere,Often,No,Occasionally,No,4,Yes,1,4,Competitive prices,User interface,124111,"['Groceries and Gourmet Food', 'Beauty and Personal Care']"
2023-06-04 17:28:06,42,Other,Once a week,Groceries and Gourmet Food,Yes,Few times a week,Keyword Search,First page,3,No,Sometimes,Found a better price elsewhere,Often,No,Moderately,No,2,No,1,4,Competitive prices,User interface,498192,['Groceries and Gourmet Food']
2023-06-07 11:47:07,33,Prefer not to say,Multiple times a week,Beauty and Personal Care;Clothing and Fashion;Home and Kitchen;others,Sometimes,Few times a month,Other,First page,5,Maybe,Sometimes,Found a better price elsewhere,Always,No,Rarely,Sometimes,3,No,1,5,Product recommendations,Customer service responsiveness,695749,"['Beauty and Personal Care', 'Clothing and Fashion', 'Home and Kitchen', 'Other']"
2023-06-06 18:36:16,7,Female,Once a month,Home and Kitchen,Sometimes,Rarely,Category Browsing,Multiple pages,3,Yes,Always,Changed my mind or no longer need the item,Never,No,Moderately,No,5,No,3,5,Not specified,I don't have any problem with Amazon,971476,['Home and Kitchen']
2023-06-09 09:38:31,57,Male,Few times a month,others,No,Few times a week,Keyword Search,Multiple pages,5,Yes,Never,Found a better price elsewhere,Sometimes,No,Moderately,No,1,Sometimes,3,2,Wide product selection,Add more familiar brands to the list,243670,['Other']
2023-06-05 11:54:52,25,Other,Few times a month,Home and Kitchen;others,Sometimes,Few times a month,Not specified,Multiple pages,5,Yes,Often,Found a better price elsewhere,Often,No,Occasionally,Yes,1,Yes,1,2,Wide product selection,Irrelevant product suggestions,286714,"['Home and Kitchen', 'Other']"
2023-06-10 10:49:42,45,Female,Multiple times a week,Beauty and Personal Care;Clothing and Fashion;others,Sometimes,Multiple times a day,Filter,First page,2,Maybe,Never,High shipping costs,Often,No,Never,Yes,4,No,2,5,All the above,Nothing,492246,"['Beauty and Personal Care', 'Clothing and Fashion', 'Other']"
2023-06-08 17:19:56,29,Male,Once a week,Groceries and Gourmet Food;Clothing and Fashion;Home and Kitchen;others,Yes,Few times a month,Filter,Multiple pages,4,No,Sometimes,High shipping costs,Always,Yes,Never,Yes,1,Yes,2,1,Customer service,Customer service responsiveness,751348,"['Groceries and Gourmet Food', 'Clothing and Fashion', 'Home and Kitchen', 'Other']"
2023-06-09 10:58:13,31,Other,Few times a month,Beauty and Personal Care;Clothing and Fashion;Home and Kitchen,Sometimes,Few times a month,Not specified,Multiple pages,3,Yes,Sometimes,Changed my mind or no longer need the item,Sometimes,No,Never,Sometimes,5,Yes,1,5,Quick delivery,Scrolling option would be much better than going to next page,388554,"['Beauty and Personal Care', 'Clothing and Fashion', 'Home and Kitchen']"
2023-06-08 03:26:38,67,Prefer not to say,Once a month,Beauty and Personal Care;Clothing and Fashion;others,Sometimes,Few times a week,Other,Multiple pages,4,Maybe,Always,Other,Often,No,Occasionally,No,4,No,4,3,User-friendly website/app interface,UI,973479,"['Beauty and Personal Care', 'Clothing and Fashion', 'Other']"
2023-06-10 23:21:59,46,Prefer not to say,Once a month,Beauty and Personal Care;Clothing and Fashion;others,Yes,Few times a week,Filter,First page,3,No,Never,Found a better price elsewhere,Often,No,Rarely,Yes,2,Sometimes,4,3,Not specified,better app interface and lower shipping charges,568172,"['Beauty and Personal Care', 'Clothing and Fashion', 'Other']"
2023-06-07 13:33:51,64,Male,Once a month,Beauty and Personal Care;Home and Kitchen;others,No,Rarely,Category Browsing,Multiple pages,3,No,Rarely,Found a better price elsewhere,Never,Yes,Moderately,Sometimes,2,Sometimes,2,2,Competitive prices,Product quality and accuracy,834243,"['Beauty and Personal Care', 'Home and Kitchen', 'Other']"
2023-06-09 14:34:43,51,Prefer not to say,Multiple times a week,Clothing and Fashion,Sometimes,Multiple times a day,Filter,Multiple pages,3,Yes,Always,Found a better price elsewhere,Always,No,Never,No,1,Yes,2,4,Quick delivery,better app interface and lower shipping charges,609099,['Clothing and Fashion']
2023-06-07 20:20:23,45,Prefer not to say,Less than once a month,Clothing and Fashion;Home and Kitchen,Sometimes,Few times a week,Other,Multiple pages,4,Maybe,Sometimes,Found a better price elsewhere,Always,Yes,Heavily,Yes,4,Yes,2,3,Customer service,Irrelevant product suggestions,301062,"['Clothing and Fashion', 'Home and Kitchen']"
2023-06-08 17:23:08,18,Other,Few times a month,Groceries and Gourmet Food;Clothing and Fashion;others,No,Few times a week,Keyword Search,Multiple pages,1,No,Often,High shipping costs,Always,No,Never,No,1,Sometimes,5,1,All the above,Scrolling option would be much better than going to next page,302092,"['Groceries and Gourmet Food', 'Clothing and Fashion', 'Other']"
2023-06-11 23:04:55,38,Female,Less than once a month,Clothing and Fashion;Home and Kitchen,No,Multiple times a day,Filter,First page,1,No,Always,High shipping costs,Never,No,Moderately,Yes,3,Yes,5,1,Product recommendations,better app interface and lower shipping charges,144950,"['Clothing and Fashion', 'Home and Kitchen']"
2023-06-05 22:07:33,67,Male,Less than once a month,Groceries and Gourmet Food;Home and Kitchen;others,Yes,Few times a month,Other,First page,5,Maybe,Often,Changed my mind or no longer need the item,Never,No,Moderately,Yes,1,No,5,1,Customer service,Irrelevant product suggestions,856402,"['Groceries and Gourmet Food', 'Home and Kitchen', 'Other']"
2023-06-08 14:21:41,9,Female,Multiple times a week,Groceries and Gourmet Food;Beauty and Personal Care;Clothing and Fashion,Sometimes,Rarely,Filter,First page,5,No,Never,Found a better price elsewhere,Always,Yes,Never,Yes,2,No,4,3,Customer service,Quality of product is very poor according to the big offers,647571,"['Groceries and Gourmet Food', 'Beauty and Personal Care', 'Clothing and Fashion']"
2023-06-08 17:28:47,67,Female,Multiple times a week,Groceries and Gourmet Food;Beauty and Personal Care,No,Few times a week,Keyword Search,First page,4,Yes,Sometimes,High shipping costs,Rarely,Yes,Never,Sometimes,2,Yes,3,2,User-friendly website/app interface,Add more familiar brands to the list,348290,"['Groceries and Gourmet Food', 'Beauty and Personal Care']"
2023-06-09 14:51:07,15,Male,Less than once a month,Home and Kitchen;others,No,Few times a week,Keyword Search,Multiple pages,1,No,Never,Found a better price elsewhere,Rarely,Yes,Rarely,No,4,Yes,2,4,Not specified,Nothing,738622,"['Home and Kitchen', 'Other']"
2023-06-11 23:03:34,44,Prefer not to say,Less than once a month,Beauty and Personal Care,Yes,Few times a month,Filter,Multiple pages,4,Maybe,Often,Found a better price elsewhere,Never,Yes,Moderately,Yes,4,Yes,3,2,Competitive prices,Product quality and accuracy,487524,['Beauty and Personal Care']
2023-06-11 23:15:03,34,Male,Few times a month,Clothing and Fashion;Home and Kitchen;others,No,Few times a month,Filter,Multiple pages,4,No,Often,Other,Often,Yes,Heavily,Sometimes,1,No,5,4,User-friendly website/app interface,User interface of app,576557,"['Clothing and Fashion', 'Home and Kitchen', 'Other']"
2023-06-06 10:36:14,40,Male,Once a week,Groceries and Gourmet Food,Yes,Rarely,Category Browsing,Multiple pages,3,No,Often,Changed my mind or no longer need the item,Rarely,Yes,Rarely,Yes,1,Sometimes,2,2,Not specified,UI,688684,['Groceries and Gourmet Food']
2023-06-08 17:49:59,39,Male,Once a month,Groceries and Gourmet Food;Beauty and Personal Care,No,Multiple times a day,Category Browsing,Multiple pages,1,Maybe,Sometimes,Changed my mind or no longer need the item,Never,No,Occasionally,Yes,1,No,2,2,Quick delivery,Nothing,285808,"['Groceries and Gourmet Food', 'Beauty and Personal Care']"
2023-06-06 09:37:33,27,Female,Multiple times a week,Clothing and Fashion;others,Sometimes,Multiple times a day,Not specified,First page,5,Yes,Never,Other,Sometimes,No,Occasionally,Yes,1,Yes,2,2,Product recommendations,Reducing packaging waste,566969,"['Clothing and Fashion', 'Other']"
2023-06-08 18:00:50,14,Male,Few times a month,Groceries and Gourmet Food;Beauty and Personal Care;Home and Kitchen,Yes,Rarely,Keyword Search,Multiple pages,1,No,Never,Other,Always,No,Heavily,Sometimes,3,Sometimes,3,1,Customer service,Shipping speed and reliability,845051,"['Groceries and Gourmet Food', 'Beauty and Personal Care', 'Home and Kitchen']"
2023-06-07 22:17:40,26,Prefer not to say,Few times a month,Groceries and Gourmet Food,Sometimes,Few times a month,Category Browsing,Multiple pages,4,No,Sometimes,Changed my mind or no longer need the item,Always,Yes,Never,Yes,3,Sometimes,2,1,All the above,Nil,239426,['Groceries and Gourmet Food']
2023-06-09 09:37:44,49,Other,Once a week,Clothing and Fashion;Home and Kitchen;others,No,Few times a week,Not specified,First page,1,Maybe,Often,Other,Sometimes,No,Occasionally,Sometimes,3,Yes,3,5,Customer service,Add more familiar brands to the list,478666,"['Clothing and Fashion', 'Home and Kitchen', 'Other']"
2023-06-08 17:17:10,64,Prefer not to say,Multiple times a week,Beauty and Personal Care;Clothing and Fashion;others,Yes,Multiple times a day,Category Browsing,Multiple pages,4,No,Always,Found a better price elsewhere,Rarely,Yes,Moderately,Sometimes,1,Yes,1,3,Customer service,Product quality and accuracy,899475,"['Beauty and Personal Care', 'Clothing and Fashion', 'Other']"
2023-06-09 14:34:43,60,Prefer not to say,Few times a month,Beauty and Personal Care;Clothing and Fashion;Home and Kitchen,No,Few times a month,Category Browsing,First page,5,Yes,Often,High shipping costs,Always,Yes,Heavily,No,5,Sometimes,5,3,Customer service,I have no problem with Amazon yet. But others tell me about the refund issues,305896,"['Beauty and Personal Care', 'Clothing and Fashion', 'Home and Kitchen']"
2023-06-06 23:06:30,29,Male,Once a week,Groceries and Gourmet Food;Beauty and Personal Care;others,Sometimes,Multiple times a day,Other,Multiple pages,3,No,Often,Found a better price elsewhere,Rarely,Yes,Heavily,Yes,5,Yes,2,3,Not specified,No problems with Amazon,709369,"['Groceries and Gourmet Food', 'Beauty and Personal Care', 'Other']"
2023-06-06 19:46:27,3,Male,Once a week,Groceries and Gourmet Food;Beauty and Personal Care;Clothing and Fashion,No,Multiple times a day,Keyword Search,Multiple pages,4,No,Sometimes,Changed my mind or no longer need the item,Often,Yes,Occasionally,No,1,No,4,2,All the above,I don't have any problem with Amazon,631096,"['Groceries and Gourmet Food', 'Beauty and Personal Care', 'Clothing and Fashion']"
2023-06-07 22:39:21,42,Male,Once a week,Home and Kitchen,No,Few times a month,Category Browsing,Multiple pages,5,No,Sometimes,Changed my mind or no longer need the item,Sometimes,No,Heavily,Yes,1,Sometimes,1,3,Quick delivery,Scrolling option would be much better than going to next page,966200,['Home and Kitchen']
2023-06-04 22:13:28,26,Other,Multiple times a week,Home and Kitchen;others,No,Rarely,Not specified,First page,1,No,Rarely,Other,Sometimes,No,Heavily,No,2,No,5,1,Not specified,I don't have any problem with Amazon,920113,"['Home and Kitchen', 'Other']"
2023-06-08 17:55:54,3,Prefer not to say,Few times a month,Groceries and Gourmet Food;Clothing and Fashion;Home and Kitchen;others,No,Multiple times a day,Keyword Search,First page,2,No,Never,Found a better price elsewhere,Sometimes,No,Heavily,No,3,No,5,1,User-friendly website/app interface,UI,866009,"['Groceries and Gourmet Food', 'Clothing and Fashion', 'Home and Kitchen', 'Other']"
2023-06-07 18:31:23,44,Male,Few times a month,Groceries and Gourmet Food;Beauty and Personal Care;Clothing and Fashion;Home and Kitchen,Sometimes,Rarely,Other,Multiple pages,2,No,Often,Other,Always,Yes,Never,No,2,Yes,4,5,Customer service,I have no problem with Amazon yet. But others tell me about the refund issues,548931,"['Groceries and Gourmet Food', 'Beauty and Personal Care', 'Clothing and Fashion', 'Home and Kitchen']"
2023-06-07 11:54:03,14,Female,Multiple times a week,Beauty and Personal Care;Clothing and Fashion;Home and Kitchen,Yes,Few times a month,Filter,Multiple pages,4,No,Sometimes,Other,Rarely,No,Heavily,Sometimes,2,No,3,4,Competitive prices,No problems with Amazon,792825,"['Beauty and Personal Care', 'Clothing and Fashion', 'Home and Kitchen']"
2023-06-09 09:31:57,40,Other,Few times a month,Groceries and Gourmet Food;Clothing and Fashion;others,No,Rarely,Keyword Search,First page,3,Maybe,Often,Changed my mind or no longer need the item,Never,No,Moderately,Sometimes,1,No,5,5,Customer service,I have no problem with Amazon yet. But others tell me about the refund issues,697205,"['Groceries and Gourmet Food', 'Clothing and Fashion', 'Other']"
2023-06-10 14:40:34,11,Male,Less than once a month,Beauty and Personal Care;Home and Kitchen;others,No,Rarely,Filter,Multiple pages,1,Maybe,Sometimes,Found a better price elsewhere,Sometimes,No,Occasionally,Yes,3,Yes,3,4,Customer service,I don't have any problem with Amazon,432681,"['Beauty and Personal Care', 'Home and Kitchen', 'Other']"
2023-06-07 12:30:22,53,Male,Once a month,Groceries and Gourmet Food;Beauty and Personal Care,Yes,Few times a month,Filter,First page,2,Yes,Sometimes,Other,Always,Yes,Moderately,No,5,Sometimes,5,1,Quick delivery,I don't have any problem with Amazon,116703,"['Groceries and Gourmet Food', 'Beauty and Personal Care']"
2023-06-05 20:52:01,36,Other,Less than once a month,Home and Kitchen;others,Sometimes,Few times a week,Keyword Search,Multiple pages,4,No,Sometimes,High shipping costs,Rarely,Yes,Rarely,No,2,No,4,5,All the above,Quality of product is very poor according to the big offers,382036,"['Home and Kitchen', 'Other']"
2023-06-06 10:07:39,8,Other,Multiple times a week,Beauty and Personal Care;others,Yes,Few times a week,Not specified,First page,5,No,Rarely,High shipping costs,Always,Yes,Moderately,Sometimes,1,Sometimes,2,4,Quick delivery,better app interface and lower shipping charges,411057,"['Beauty and Personal Care', 'Other']"
2023-06-06 09:39:32,66,Prefer not to say,Less than once a month,Beauty and Personal Care;Clothing and Fashion,Yes,Rarely,Category Browsing,Multiple pages,2,No,Sometimes,Found a better price elsewhere,Always,No,Never,Yes,3,Yes,2,4,Competitive prices,Quality of product is very poor according to the big offers,386779,"['Beauty and Personal Care', 'Clothing and Fashion']"
2023-06-11 22:45:34,14,Male,Once a month,Clothing and Fashion,No,Few times a week,Not specified,First page,2,No,Often,High shipping costs,Rarely,No,Moderately,Sometimes,1,Yes,5,4,Quick delivery,Irrelevant product suggestions,333426,['Clothing and Fashion']
2023-06-05 22:08:15,27,Male,Once a week,Groceries and Gourmet Food;Clothing and Fashion;Home and Kitchen;others,Yes,Rarely,Filter,Multiple pages,3,No,Rarely,Found a better price elsewhere,Never,Yes,Moderately,Yes,3,Sometimes,4,3,Quick delivery,Quality of product is very poor according to the big offers,204675,"['Groceries and Gourmet Food', 'Clothing and Fashion', 'Home and Kitchen', 'Other']"
2023-06-08 03:24:37,44,Other,Few times a month,Groceries and Gourmet Food;Beauty and Personal Care;others,Sometimes,Few times a month,Category Browsing,Multiple pages,1,No,Sometimes,High shipping costs,Always,Yes,Moderately,Sometimes,2,Yes,1,3,Quick delivery,I have no problem with Amazon yet. But others tell me about the refund issues,665380,"['Groceries and Gourmet Food', 'Beauty and Personal Care', 'Other']"
2023-06-04 14:30:44,62,Other,Few times a month,Home and Kitchen;others,No,Few times a week,Filter,First page,2,No,Sometimes,Other,Sometimes,No,Occasionally,Sometimes,4,Sometimes,2,2,All the above,Customer service responsiveness,111521,"['Home and Kitchen', 'Other']"
2023-06-11 23:06:52,42,Prefer not to say,Once a month,Beauty and Personal Care;Clothing and Fashion,No,Rarely,Other,Multiple pages,1,Yes,Rarely,High shipping costs,Sometimes,No,Never,Sometimes,3,No,4,1,Competitive prices,Add more familiar brands to the list,645432,"['Beauty and Personal Care', 'Clothing and Fashion']"
2023-06-06 19:11:46,48,Male,Multiple times a week,Clothing and Fashion;others,Sometimes,Multiple times a day,Category Browsing,Multiple pages,1,Maybe,Often,Found a better price elsewhere,Rarely,No,Never,Sometimes,5,Sometimes,4,5,Wide product selection,Scrolling option would be much better than going to next page,575028,"['Clothing and Fashion', 'Other']"
2023-06-07 10:57:14,19,Prefer not to say,Once a week,Groceries and Gourmet Food;Clothing and Fashion;others,Sometimes,Multiple times a day,Other,Multiple pages,5,Maybe,Always,Changed my mind or no longer need the item,Often,Yes,Occasionally,Yes,1,No,5,4,Quick delivery,Add more familiar brands to the list,756719,"['Groceries and Gourmet Food', 'Clothing and Fashion', 'Other']"
2023-06-07 21:35:08,26,Other,Multiple times a week,Home and Kitchen,No,Few times a month,Other,First page,4,No,Always,Changed my mind or no longer need the item,Always,No,Moderately,No,5,Yes,1,1,Customer service,Nothing,263437,['Home and Kitchen']
2023-06-07 21:21:50,47,Female,Few times a month,Groceries and Gourmet Food;Beauty and Personal Care;Clothing and Fashion,No,Rarely,Category Browsing,Multiple pages,4,Yes,Never,Other,Sometimes,No,Occasionally,No,2,Yes,4,5,All the above,User interface,770579,"['Groceries and Gourmet Food', 'Beauty and Personal Care', 'Clothing and Fashion']"
2023-06-12 21:57:20,5,Male,Less than once a month,Groceries and Gourmet Food;Beauty and Personal Care;Clothing and Fashion;Home and Kitchen;others,Yes,Few times a week,Category Browsing,First page,3,No,Always,Found a better price elsewhere,Often,No,Never,Sometimes,3,No,2,4,Product recommendations,Scrolling option would be much better than going to next page,440242,"['Groceries and Gourmet Food', 'Beauty and Personal Care', 'Clothing and Fashion', 'Home and Kitchen', 'Other']"
2023-06-05 14:10:33,14,Other,Once a month,Groceries and Gourmet Food;Clothing and Fashion;Home and Kitchen;others,No,Few times a month,Keyword Search,First page,4,No,Often,Found a better price elsewhere,Often,Yes,Never,Sometimes,3,No,1,5,Wide product selection,better app interface and lower shipping charges,753442,"['Groceries and Gourmet Food', 'Clothing and Fashion', 'Home and Kitchen', 'Other']"
2023-06-12 16:02:02,62,Female,Multiple times a week,Groceries and Gourmet Food;Beauty and Personal Care;Clothing and Fashion;others,No,Multiple times a day,Other,First page,1,Yes,Often,Found a better price elsewhere,Often,Yes,Never,No,2,No,3,1,Customer service,Nil,492237,"['Groceries and Gourmet Food', 'Beauty and Personal Care', 'Clothing and Fashion', 'Other']"
2023-06-05 13:54:28,4,Female,Few times a month,others,No,Rarely,Other,Multiple pages,3,No,Never,Other,Always,No,Never,Yes,1,Yes,2,5,Not specified,Nil,582033,['Other']
2023-06-04 22:24:47,64,Male,Less than once a month,Clothing and Fashion;others,Yes,Few times a month,Other,First page,2,Maybe,Never,High shipping costs,Often,No,Moderately,Sometimes,4,Yes,3,4,Product recommendations,Not specified,390010,"['Clothing and Fashion', 'Other']"
2023-06-12 14:51:24,58,Prefer not to say,Multiple times a week,Home and Kitchen,No,Rarely,Other,First page,1,Maybe,Rarely,Found a better price elsewhere,Never,No,Never,Sometimes,1,No,5,5,Product recommendations,I don't have any problem with Amazon,659560,['Home and Kitchen']
2023-06-06 19:19:43,11,Female,Once a week,Groceries and Gourmet Food;Beauty and Personal Care;Clothing and Fashion;Home and Kitchen,No,Rarely,Keyword Search,Multiple pages,5,Yes,Often,Other,Often,Yes,Occasionally,No,5,Sometimes,1,3,Quick delivery,User interface,143037,"['Groceries and Gourmet Food', 'Beauty and Personal Care', 'Clothing and Fashion', 'Home and Kitchen']"
2023-06-11 22:51:27,51,Female,Few times a month,Beauty and Personal Care;Home and Kitchen;others,Sometimes,Rarely,Keyword Search,Multiple pages,1,Maybe,Always,Changed my mind or no longer need the item,Sometimes,Yes,Never,No,4,Sometimes,4,2,Competitive prices,Product quality and accuracy,313225,"['Beauty and Personal Care', 'Home and Kitchen', 'Other']"
2023-06-09 10:26:01,59,Female,Less than once a month,Groceries and Gourmet Food;Clothing and Fashion;Home and Kitchen;others,Yes,Few times a month,Filter,Multiple pages,5,No,Rarely,Changed my mind or no longer need the item,Rarely,Yes,Never,Yes,2,No,1,5,User-friendly website/app interface,better app interface and lower shipping charges,763226,"['Groceries and Gourmet Food', 'Clothing and Fashion', 'Home and Kitchen', 'Other']"
2023-06-08 03:32:42,49,Female,Once a month,Clothing and Fashion,No,Multiple times a day,Filter,Multiple pages,1,Yes,Sometimes,Changed my mind or no longer need the item,Rarely,No,Moderately,Sometimes,5,No,1,1,Customer service,No problems with Amazon,969606,['Clothing and Fashion']
2023-06-06 10:46:31,43,Other,Few times a month,Beauty and Personal Care;Clothing and Fashion;others,Sometimes,Few times a week,Category Browsing,Multiple pages,1,Maybe,Never,Found a better price elsewhere,Rarely,Yes,Never,No,3,Sometimes,1,1,Customer service,I don't have any problem with Amazon,263717,"['Beauty and Personal Care', 'Clothing and Fashion', 'Other']"
2023-06-05 20:44:09,9,Male,Once a week,Beauty and Personal Care;others,No,Multiple times a day,Filter,Multiple pages,2,Maybe,Sometimes,Found a better price elsewhere,Never,No,Never,Yes,4,Sometimes,5,5,All the above,Product quality and accuracy,989561,"['Beauty and Personal Care', 'Other']"
2023-06-06 18:37:26,7,Prefer not to say,Multiple times a week,Clothing and Fashion,Yes,Rarely,Filter,Multiple pages,4,Maybe,Rarely,High shipping costs,Never,Yes,Rarely,No,3,Yes,2,5,Wide product selection,Quality of product is very poor according to the big offers,446526,['Clothing and Fashion']
2023-06-09 14:49:20,65,Other,Once a week,Beauty and Personal Care;Clothing and Fashion;Home and Kitchen;others,Yes,Multiple times a day,Keyword Search,First page,4,Yes,Rarely,High shipping costs,Sometimes,Yes,Heavily,Yes,5,Sometimes,3,4,All the above,Scrolling option would be much better than going to next page,268699,"['Beauty and Personal Care', 'Clothing and Fashion', 'Home and Kitchen', 'Other']"
2023-06-08 17:34:27,63,Male,Multiple times a week,Groceries and Gourmet Food;Clothing and Fashion;Home and Kitchen;others,Sometimes,Few times a month,Keyword Search,Multiple pages,4,Yes,Never,Found a better price elsewhere,Rarely,Yes,Heavily,Yes,4,Yes,5,2,User-friendly website/app interface,Shipping speed and reliability,690024,"['Groceries and Gourmet Food', 'Clothing and Fashion', 'Home and Kitchen', 'Other']"
2023-06-07 18:20:00,6,Female,Multiple times a week,Groceries and Gourmet Food;Home and Kitchen;others,Yes,Multiple times a day,Category Browsing,First page,5,Maybe,Often,Changed my mind or no longer need the item,Sometimes,Yes,Moderately,Sometimes,3,No,5,2,Quick delivery,User interface of app,317698,"['Groceries and Gourmet Food', 'Home and Kitchen', 'Other']"
2023-06-07 09:19:23,11,Male,Once a month,Beauty and Personal Care;Clothing and Fashion;others,Yes,Rarely,Filter,First page,3,Yes,Sometimes,High shipping costs,Never,Yes,Rarely,Yes,1,No,3,1,Customer service,Reducing packaging waste,583111,"['Beauty and Personal Care', 'Clothing and Fashion', 'Other']"
2023-06-08 17:38:01,11,Other,Less than once a month,Groceries and Gourmet Food;Beauty and Personal Care;others,Yes,Rarely,Filter,Multiple pages,4,Maybe,Never,Other,Never,Yes,Never,No,3,Sometimes,3,2,Wide product selection,No problems with Amazon,251069,"['Groceries and Gourmet Food', 'Beauty and Personal Care', 'Other']"
2023-06-07 21:53:52,23,Prefer not to say,Few times a month,Beauty and Personal Care;others,Sometimes,Few times a week,Not specified,First page,2,Yes,Always,Other,Sometimes,No,Never,No,1,Sometimes,5,3,Wide product selection,Reducing packaging waste,362972,"['Beauty and Personal Care', 'Other']"
2023-06-04 23:24:41,62,Prefer not to say,Less than once a month,Beauty and Personal Care;Clothing and Fashion;Home and Kitchen,Sometimes,Few times a month,Keyword Search,Multiple pages,5,Yes,Never,Other,Rarely,Yes,Occasionally,No,4,Yes,3,4,Competitive prices,Customer service responsiveness,894541,"['Beauty and Personal Care', 'Clothing and Fashion', 'Home and Kitchen']"
2023-06-09 12:22:47,62,Other,Multiple times a week,Groceries and Gourmet Food;Beauty and Personal Care;Home and Kitchen,No,Rarely,Keyword Search,Multiple pages,4,No,Rarely,Found a better price elsewhere,Sometimes,Yes,Heavily,No,5,No,1,2,Not specified,Add more familiar brands to the list,368853,"['Groceries and Gourmet Food', 'Beauty and Personal Care', 'Home and Kitchen']"
2023-06-09 16:28:58,16,Male,Less than once a month,others,No,Multiple times a day,Other,Multiple pages,1,Maybe,Always,Found a better price elsewhere,Sometimes,No,Occasionally,No,2,No,1,3,Product recommendations,User interface of app,435727,['Other']
2023-06-08 17:39:57,22,Other,Once a month,Groceries and Gourmet Food;Clothing and Fashion,Yes,Few times a week,Category Browsing,Multiple pages,4,No,Always,High shipping costs,Always,Yes,Occasionally,Yes,4,No,4,1,Customer service,Reducing packaging waste,304520,"['Groceries and Gourmet Food', 'Clothing and Fashion']"
2023-06-05 14:21:37,18,Other,Once a week,others,Yes,Multiple times a day,Keyword Search,First page,1,No,Sometimes,Found a better price elsewhere,Always,No,Never,No,4,Sometimes,4,2,Product recommendations,I don't have any problem with Amazon,873144,['Other']
2023-06-04 22:37:00,27,Female,Few times a month,Groceries and Gourmet Food;Beauty and Personal Care;Clothing and Fashion;others,No,Few times a month,Filter,First page,2,No,Often,Other,Always,Yes,Rarely,Yes,5,No,3,2,Wide product selection,Add more familiar brands to the list,265678,"['Groceries and Gourmet Food', 'Beauty and Personal Care', 'Clothing and Fashion', 'Other']"
2023-06-08 18:00:50,8,Other,Once a month,Clothing and Fashion,Sometimes,Rarely,Not specified,First page,4,Yes,Sometimes,High shipping costs,Always,No,Heavily,No,4,Sometimes,2,1,Competitive prices,I don't have any problem with Amazon,310622,['Clothing and Fashion']
2023-06-09 14:51:07,48,Male,Once a week,Groceries and Gourmet Food;Beauty and Personal Care;Clothing and Fashion,No,Rarely,Category Browsing,First page,2,Yes,Often,High shipping costs,Often,No,Rarely,No,4,Sometimes,2,4,Customer service,Irrelevant product suggestions,746082,"['Groceries and Gourmet Food', 'Beauty and Personal Care', 'Clothing and Fashion']"
2023-06-11 22:48:27,41,Prefer not to say,Once a week,Groceries and Gourmet Food;Beauty and Personal Care;Home and Kitchen,Yes,Few times a month,Not specified,First page,1,No,Sometimes,Found a better price elsewhere,Never,Yes,Occasionally,No,1,No,2,1,Not specified,User interface of app,316091,"['Groceries and Gourmet Food', 'Beauty and Personal Care', 'Home and Kitchen']"
2023-06-07 14:09:49,37,Other,Once a month,Beauty and Personal Care;Clothing and Fashion;Home and Kitchen;others,Yes,Rarely,Keyword Search,First page,5,Maybe,Rarely,Other,Never,Yes,Never,No,2,Sometimes,5,1,Wide product selection,I don't have any problem with Amazon,754537,"['Beauty and Personal Care', 'Clothing and Fashion', 'Home and Kitchen', 'Other']"
2023-06-11 23:21:30,65,Male,Less than once a month,Groceries and Gourmet Food;Home and Kitchen;others,Yes,Few times a month,Filter,Multiple pages,1,Maybe,Sometimes,Other,Often,No,Rarely,No,3,Sometimes,2,3,Quick delivery,Add more familiar brands to the list,984441,"['Groceries and Gourmet Food', 'Home and Kitchen', 'Other']"
2023-06-09 10:26:26,24,Female,Once a week,Groceries and Gourmet Food;Clothing and Fashion;Home and Kitchen;others,No,Few times a week,Category Browsing,Multiple pages,5,Maybe,Sometimes,High shipping costs,Never,Yes,Occasionally,No,4,Sometimes,4,3,Customer service,No problems with Amazon,448992,"['Groceries and Gourmet Food', 'Clothing and Fashion', 'Home and Kitchen', 'Other']"
2023-06-08 17:40:49,55,Other,Few times a month,Groceries and Gourmet Food;Clothing and Fashion;others,No,Few times a week,Other,First page,4,Yes,Sometimes,High shipping costs,Rarely,Yes,Occasionally,No,3,No,5,1,Customer service,Customer service responsiveness,387531,"['Groceries and Gourmet Food', 'Clothing and Fashion', 'Other']"
2023-06-11 22:54:33,10,Female,Once a week,Beauty and Personal Care;Clothing and Fashion;Home and Kitchen;others,Sometimes,Multiple times a day,Filter,First page,2,Maybe,Often,Found a better price elsewhere,Often,No,Heavily,Yes,1,No,3,5,Wide product selection,Irrelevant product suggestions,136586,"['Beauty and Personal Care', 'Clothing and Fashion', 'Home and Kitchen', 'Other']"
2023-06-07 22:44:42,66,Other,Less than once a month,Beauty and Personal Care;Clothing and Fashion;Home and Kitchen,Sometimes,Few times a week,Keyword Search,First page,4,Yes,Sometimes,Other,Rarely,Yes,Occasionally,Yes,2,Sometimes,2,5,Wide product selection,Scrolling option would be much better than going to next page,916111,"['Beauty and Personal Care', 'Clothing and Fashion', 'Home and Kitchen']"
2023-06-07 21:22:24,36,Other,Multiple times a week,Clothing and Fashion;others,No,Few times a week,Category Browsing,First page,1,No,Rarely,Other,Rarely,No,Occasionally,Yes,3,No,3,3,Product recommendations,Shipping speed and reliability,978909,"['Clothing and Fashion', 'Other']"
2023-06-07 11:47:07,26,Female,Less than once a month,Beauty and Personal Care;Clothing and Fashion;Home and Kitchen;others,No,Few times a month,Other,Multiple pages,5,Maybe,Always,Other,Often,Yes,Rarely,No,1,Sometimes,3,4,Product recommendations,User interface,910488,"['Beauty and Personal Care', 'Clothing and Fashion', 'Home and Kitchen', 'Other']"
2023-06-05 16:50:44,26,Female,Once a week,Groceries and Gourmet Food;Clothing and Fashion;others,Yes,Multiple times a day,Category Browsing,First page,1,No,Often,Changed my mind or no longer need the item,Sometimes,Yes,Heavily,Yes,2,No,1,2,Customer service,Scrolling option would be much better than going to next page,791591,"['Groceries and Gourmet Food', 'Clothing and Fashion', 'Other']"
2023-06-05 20:52:01,67,Female,Once a month,Groceries and Gourmet Food;Clothing and Fashion;Home and Kitchen;others,No,Multiple times a day,Other,Multiple pages,2,No,Often,Found a better price elsewhere,Often,Yes,Moderately,Sometimes,1,Yes,2,5,Competitive prices,Quality of product is very poor according to the big offers,846747,"['Groceries and Gourmet Food', 'Clothing and Fashion', 'Home and Kitchen', 'Other']"
2023-06-09 10:59:38,21,Other,Few times a month,Groceries and Gourmet Food;Beauty and Personal Care;Clothing and Fashion;Home and Kitchen,No,Multiple times a day,Other,Multiple pages,4,Yes,Rarely,Found a better price elsewhere,Sometimes,Yes,Rarely,Sometimes,5,Yes,1,4,Customer service,User interface,878705,"['Groceries and Gourmet Food', 'Beauty and Personal Care', 'Clothing and Fashion', 'Home and Kitchen']"
2023-06-11 23:04:55,60,Female,Less than once a month,Clothing and Fashion;others,No,Multiple times a day,Filter,First page,5,Yes,Sometimes,Found a better price elsewhere,Sometimes,Yes,Heavily,Yes,1,Yes,4,5,All the above,Nothing,867846,"['Clothing and Fashion', 'Other']"
2023-06-05 10:36:38,61,Prefer not to say,Less than once a month,Groceries and Gourmet Food;Beauty and Personal Care;Clothing and Fashion,No,Few times a month,Not specified,Multiple pages,1,No,Always,High shipping costs,Sometimes,Yes,Rarely,Yes,4,No,2,3,Customer service,No problems with Amazon,203149,"['Groceries and Gourmet Food', 'Beauty and Personal Care', 'Clothing and Fashion']"
2023-06-08 17:29:01,38,Female,Once a week,Beauty and Personal Care;others,No,Multiple times a day,Other,Multiple pages,3,Yes,Often,High shipping costs,Often,No,Occasionally,No,3,Yes,2,2,Customer service,Shipping speed and reliability,252447,"['Beauty and Personal Care', 'Other']"
2023-06-08 09:16:26,62,Prefer not to say,Less than once a month,Beauty and Personal Care;Home and Kitchen,Sometimes,Multiple times a day,Not specified,First page,5,Yes,Often,Found a better price elsewhere,Often,Yes,Occasionally,Yes,5,Yes,3,3,Product recommendations,I have no problem with Amazon yet. But others tell me about the refund issues,609886,"['Beauty and Personal Care', 'Home and Kitchen']"
2023-06-07 03:08:03,65,Other,Few times a month,others,No,Few times a week,Not specified,First page,4,Yes,Never,High shipping costs,Never,Yes,Rarely,Yes,2,Sometimes,2,2,Product recommendations,Nil,998128,['Other']
2023-06-08 17:45:08,55,Male,Few times a month,Groceries and Gourmet Food,Yes,Few times a week,Other,First page,1,No,Often,Changed my mind or no longer need the item,Sometimes,Yes,Never,Sometimes,1,No,4,2,All the above,Customer service responsiveness,812159,['Groceries and Gourmet Food']
2023-06-09 15:17:31,27,Male,Multiple times a week,Groceries and Gourmet Food;Beauty and Personal Care;Clothing and Fashion;Home and Kitchen,Sometimes,Few times a week,Keyword Search,First page,2,Yes,Rarely,High shipping costs,Often,No,Rarely,No,1,Sometimes,5,4,Wide product selection,Add more familiar brands to the list,306127,"['Groceries and Gourmet Food', 'Beauty and Personal Care', 'Clothing and Fashion', 'Home and Kitchen']"
2023-06-05 21:56:08,67,Female,Less than once a month,Groceries and Gourmet Food;Beauty and Personal Care;Clothing and Fashion;others,No,Rarely,Not specified,First page,2,Yes,Sometimes,Other,Always,Yes,Rarely,Yes,4,Sometimes,1,5,Customer service,Nil,180336,"['Groceries and Gourmet Food', 'Beauty and Personal Care', 'Clothing and Fashion', 'Other']"
2023-06-07 09:20:34,47,Prefer not to say,Once a week,Groceries and Gourmet Food;Beauty and Personal Care,Sometimes,Rarely,Keyword Search,Multiple pages,4,Yes,Always,High shipping costs,Never,No,Never,Yes,1,Yes,3,5,Quick delivery,Irrelevant product suggestions,528616,"['Groceries and Gourmet Food', 'Beauty and Personal Care']"
2023-06-06 09:59:35,31,Other,Once a month,Groceries and Gourmet Food;Beauty and Personal Care;others,Sometimes,Rarely,Filter,First page,1,Yes,Always,Changed my mind or no longer need the item,Never,Yes,Heavily,No,2,No,2,1,Customer service,I don't have any problem with Amazon,720515,"['Groceries and Gourmet Food', 'Beauty and Personal Care', 'Other']"
2023-06-08 03:26:38,61,Female,Few times a month,Groceries and Gourmet Food;Home and Kitchen,Sometimes,Few times a month,Other,Multiple pages,4,Maybe,Often,Other,Never,No,Occasionally,Sometimes,1,No,2,3,Quick delivery,User interface of app,449446,"['Groceries and Gourmet Food', 'Home and Kitchen']"
2023-06-09 09:39:04,35,Female,Less than once a month,Groceries and Gourmet Food;Home and Kitchen;others,Sometimes,Multiple times a day,Category Browsing,First page,4,Maybe,Sometimes,High shipping costs,Sometimes,Yes,Heavily,Sometimes,2,No,5,3,Not specified,UI,694722,"['Groceries and Gourmet Food', 'Home and Kitchen', 'Other']"
2023-06-08 20:26:58,3,Other,Few times a month,Groceries and Gourmet Food;Beauty and Personal Care;Clothing and Fashion;Home and Kitchen,Yes,Few times a week,Other,Multiple pages,3,Yes,Always,High shipping costs,Never,Yes,Occasionally,Sometimes,1,No,1,1,Not specified,Product quality and accuracy,912256,"['Groceries and Gourmet Food', 'Beauty and Personal Care', 'Clothing and Fashion', 'Home and Kitchen']"
2023-06-09 14:39:16,35,Female,Few times a month,Clothing and Fashion;others,No,Multiple times a day,Keyword Search,Multiple pages,3,Maybe,Often,Found a better price elsewhere,Always,Yes,Rarely,Yes,1,Sometimes,4,3,Product recommendations,Irrelevant product suggestions,497133,"['Clothing and Fashion', 'Other']"
2023-06-05 22:06:15,15,Prefer not to say,Multiple times a week,Clothing and Fashion;Home and Kitchen;others,Sometimes,Few times a month,Other,First page,1,No,Often,High shipping costs,Sometimes,Yes,Rarely,Sometimes,4,No,4,2,All the above,Reducing packaging waste,277458,"['Clothing and Fashion', 'Home and Kitchen', 'Other']"
2023-06-08 17:58:03,21,Female,Once a week,others,Sometimes,Multiple times a day,Keyword Search,Multiple pages,1,Maybe,Rarely,High shipping costs,Sometimes,Yes,Occasionally,No,2,Yes,5,5,Wide product selection,Add more familiar brands to the list,904049,['Other']
2023-06-04 20:00:11,19,Other,Once a week,Groceries and Gourmet Food;Clothing and Fashion,Yes,Multiple times a day,Keyword Search,Multiple pages,1,No,Never,Changed my mind or no longer need the item,Always,Yes,Moderately,Yes,5,No,4,1,Wide product selection,User interface of app,329305,"['Groceries and Gourmet Food', 'Clothing and Fashion']"
2023-06-08 17:54:49,35,Other,Multiple times a week,Beauty and Personal Care;Home and Kitchen,Sometimes,Few times a month,Not specified,First page,5,No,Always,High shipping costs,Always,No,Rarely,Yes,2,Sometimes,2,1,Wide product selection,Quality of product is very poor according to the big offers,358654,"['Beauty and Personal Care', 'Home and Kitchen']"
2023-06-08 17:59:20,41,Female,Less than once a month,Groceries and Gourmet Food;Beauty and Personal Care;Clothing and Fashion,Sometimes,Rarely,Category Browsing,Multiple pages,4,No,Always,Other,Always,No,Rarely,Yes,5,No,3,1,All the above,better app interface and lower shipping charges,427607,"['Groceries and Gourmet Food', 'Beauty and Personal Care', 'Clothing and Fashion']"
2023-06-08 17:19:41,55,Male,Once a month,Groceries and Gourmet Food;Beauty and Personal Care;Clothing and Fashion;Home and Kitchen,Yes,Multiple times a day,Other,Multiple pages,2,Maybe,Sometimes,Found a better price elsewhere,Never,No,Occasionally,Sometimes,1,Yes,2,3,Customer service,I have no problem with Amazon yet. But others tell me about the refund issues,541800,"['Groceries and Gourmet Food', 'Beauty and Personal Care', 'Clothing and Fashion', 'Home and Kitchen']"
2023-06-07 12:13:39,26,Female,Once a week,Groceries and Gourmet Food;Beauty and Personal Care;Clothing and Fashion;Home and Kitchen;others,Yes,Multiple times a day,Keyword Search,Multiple pages,5,Maybe,Rarely,Changed my mind or no longer need the item,Never,No,Heavily,Sometimes,1,Sometimes,5,1,Product recommendations,User interface of app,541700,"['Groceries and Gourmet Food', 'Beauty and Personal Care', 'Clothing and Fashion', 'Home and Kitchen', 'Other']"
2023-06-11 22:59:30,37,Prefer not to say,Once a week,Clothing and Fashion;Home and Kitchen;others,Sometimes,Few times a week,Other,Multiple pages,4,Yes,Never,High shipping costs,Always,No,Never,No,2,Sometimes,5,5,User-friendly website/app interface,Customer service responsiveness,486700,"['Clothing and Fashion', 'Home and Kitchen', 'Other']"
2023-06-04 21:48:15,61,Female,Multiple times a week,Groceries and Gourmet Food;Beauty and Personal Care;others,Sometimes,Multiple times a day,Not specified,Multiple pages,1,Maybe,Always,Other,Always,Yes,Rarely,No,5,Sometimes,1,2,Product recommendations,Shipping speed and reliability,457641,"['Groceries and Gourmet Food', 'Beauty and Personal Care', 'Other']"
2023-06-05 20:46:09,14,Male,Once a month,others,Sometimes,Rarely,Keyword Search,Multiple pages,1,Maybe,Often,Changed my mind or no longer need the item,Often,Yes,Moderately,Yes,4,Yes,5,3,Customer service,better app interface and lower shipping charges,813681,['Other']
2023-06-09 15:22:15,40,Female,Multiple times a week,Home and Kitchen;others,Sometimes,Rarely,Other,Multiple pages,2,Maybe,Rarely,Other,Never,No,Never,Sometimes,1,No,1,2,All the above,Product quality and accuracy,432836,"['Home and Kitchen', 'Other']"
2023-06-07 11:54:03,63,Female,Few times a month,Groceries and Gourmet Food;Beauty and Personal Care;Clothing and Fashion;Home and Kitchen,Yes,Few times a week,Other,First page,3,No,Always,Changed my mind or no longer need the item,Rarely,Yes,Occasionally,Sometimes,2,Yes,1,4,Product recommendations,User interface,405098,"['Groceries and Gourmet Food', 'Beauty and Personal Care', 'Clothing and Fashion', 'Home and Kitchen']"
2023-06-12 15:40:25,42,Male,Few times a month,Groceries and Gourmet Food;Beauty and Personal Care;Clothing and Fashion;Home and Kitchen,No,Few times a week,Not specified,Multiple pages,4,Yes,Rarely,Other,Sometimes,No,Never,Sometimes,1,Yes,5,1,Customer service,Shipping speed and reliability,572632,"['Groceries and Gourmet Food', 'Beauty and Personal Care', 'Clothing and Fashion', 'Home and Kitchen']"
2023-06-04 17:04:56,66,Prefer not to say,Multiple times a week,Beauty and Personal Care;Clothing and Fashion;Home and Kitchen,No,Rarely,Other,Multiple pages,5,Maybe,Always,High shipping costs,Often,Yes,Rarely,Yes,2,Sometimes,5,5,Not specified,Scrolling option would be much better than going to next page,766064,"['Beauty and Personal Care', 'Clothing and Fashion', 'Home and Kitchen']"
2023-06-11 23:20:57,18,Female,Less than once a month,Groceries and Gourmet Food;Home and Kitchen,Sometimes,Multiple times a day,Category Browsing,Multiple pages,1,Maybe,Often,High shipping costs,Rarely,No,Occasionally,No,3,No,2,3,Product recommendations,UI,667760,"['Groceries and Gourmet Food', 'Home and Kitchen']"
2023-06-07 18:28:35,13,Other,Once a week,Groceries and Gourmet Food;Clothing and Fashion;others,Yes,Rarely,Other,First page,5,Yes,Always,Found a better price elsewhere,Sometimes,No,Heavily,Yes,1,No,1,4,Customer service,Not specified,121243,"['Groceries and Gourmet Food', 'Clothing and Fashion', 'Other']"
2023-06-11 23:15:03,13,Prefer not to say,Multiple times a week,Groceries and Gourmet Food;Beauty and Personal Care;others,No,Few times a week,Other,First page,4,Yes,Always,Other,Often,No,Occasionally,Sometimes,1,No,2,2,Product recommendations,Irrelevant product suggestions,837663,"['Groceries and Gourmet Food', 'Beauty and Personal Care', 'Other']"
2023-06-07 10:57:14,56,Prefer not to say,Once a month,Clothing and Fashion,No,Few times a month,Filter,First page,4,Yes,Always,High shipping costs,Sometimes,No,Never,No,3,No,2,2,Quick delivery,I have no problem with Amazon yet. But others tell me about the refund issues,659167,['Clothing and Fashion']
2023-06-11 23:16:18,25,Male,Multiple times a week,Clothing and Fashion;Home and Kitchen;others,Yes,Few times a month,Category Browsing,Multiple pages,1,Maybe,Always,Changed my mind or no longer need the item,Never,Yes,Heavily,Yes,2,No,3,4,Wide product selection,User interface,760655,"['Clothing and Fashion', 'Home and Kitchen', 'Other']"
2023-06-04 23:24:41,63,Male,Once a week,Home and Kitchen,Yes,Multiple times a day,Other,Multiple pages,4,Yes,Rarely,High shipping costs,Often,Yes,Rarely,Sometimes,2,Yes,2,1,Wide product selection,Nil,671008,['Home and Kitchen']
2023-06-12 15:35:24,61,Prefer not to say,Few times a month,Groceries and Gourmet Food;Beauty and Personal Care;Clothing and Fashion;Home and Kitchen,Sometimes,Few times a week,Filter,First page,4,No,Often,Other,Never,Yes,Never,No,3,Yes,4,5,Competitive prices,I don't have any problem with Amazon,354183,"['Groceries and Gourmet Food', 'Beauty and Personal Care', 'Clothing and Fashion', 'Home and Kitchen']"
2023-06-11 23:05:38,47,Prefer not to say,Once a week,Groceries and Gourmet Food;Beauty and Personal Care,Sometimes,Multiple times a day,Other,Multiple pages,3,Maybe,Always,Changed my mind or no longer need the item,Rarely,No,Occasionally,Yes,3,No,3,2,Competitive prices,Product quality and accuracy,498801,"['Groceries and Gourmet Food', 'Beauty and Personal Care']"
2023-06-05 14:16:16,63,Male,Once a month,others,No,Multiple times a day,Other,First page,3,No,Never,High shipping costs,Never,Yes,Heavily,Yes,2,Yes,4,5,Quick delivery,better app interface and lower shipping charges,767147,['Other']
2023-06-09 08:10:05,46,Male,Once a week,Groceries and Gourmet Food,Yes,Few times a week,Filter,Multiple pages,2,No,Never,Found a better price elsewhere,Sometimes,Yes,Rarely,Yes,4,Yes,5,1,User-friendly website/app interface,Quality of product is very poor according to the big offers,538014,['Groceries and Gourmet Food']
2023-06-08 22:21:20,17,Other,Once a week,Groceries and Gourmet Food;Clothing and Fashion,No,Few times a month,Category Browsing,Multiple pages,1,No,Rarely,Other,Often,Yes,Rarely,Sometimes,2,Yes,1,2,All the above,Scrolling option would be much better than going to next page,971732,"['Groceries and Gourmet Food', 'Clothing and Fashion']"
2023-06-08 21:40:50,21,Prefer not to say,Once a week,Groceries and Gourmet Food;Home and Kitchen,Sometimes,Rarely,Other,First page,5,No,Never,Changed my mind or no longer need the item,Always,No,Occasionally,Sometimes,4,Yes,3,4,Competitive prices,Not specified,852003,"['Groceries and Gourmet Food', 'Home and Kitchen']"
2023-06-09 15:17:31,16,Male,Once a week,Beauty and Personal Care;Home and Kitchen;others,Sometimes,Multiple times a day,Category Browsing,Multiple pages,1,Yes,Never,Found a better price elsewhere,Often,No,Heavily,Sometimes,1,No,5,1,Product recommendations,Shipping speed and reliability,737814,"['Beauty and Personal Care', 'Home and Kitchen', 'Other']"
2023-06-08 17:25:40,45,Prefer not to say,Multiple times a week,Beauty and Personal Care;Home and Kitchen;others,No,Multiple times a day,Filter,First page,2,Yes,Rarely,Other,Never,Yes,Rarely,No,2,Sometimes,4,2,Competitive prices,Not specified,244357,"['Beauty and Personal Care', 'Home and Kitchen', 'Other']"
2023-06-04 20:54:36,60,Prefer not to say,Once a week,Clothing and Fashion,No,Rarely,Not specified,Multiple pages,5,Yes,Rarely,Found a better price elsewhere,Sometimes,No,Occasionally,No,1,Yes,1,5,Wide product selection,Add more familiar brands to the list,352768,['Clothing and Fashion']
2023-06-11 22:44:46,54,Male,Less than once a month,Groceries and Gourmet Food;Beauty and Personal Care;Clothing and Fashion;Home and Kitchen;others,Sometimes,Few times a week,Keyword Search,Multiple pages,3,Maybe,Never,Other,Never,Yes,Rarely,No,2,Yes,1,2,Customer service,Not specified,946399,"['Groceries and Gourmet Food', 'Beauty and Personal Care', 'Clothing and Fashion', 'Home and Kitchen', 'Other']"
2023-06-11 23:19:45,38,Other,Multiple times a week,Beauty and Personal Care;others,Yes,Few times a week,Not specified,First page,1,Yes,Often,High shipping costs,Never,Yes,Moderately,Yes,5,No,4,4,Customer service,Nothing,670033,"['Beauty and Personal Care', 'Other']"
2023-06-05 14:17:45,54,Other,Once a week,Beauty and Personal Care;others,Sometimes,Rarely,Filter,Multiple pages,4,No,Sometimes,Found a better price elsewhere,Never,Yes,Heavily,Yes,2,Yes,4,4,Quick delivery,I have no problem with Amazon yet. But others tell me about the refund issues,365930,"['Beauty and Personal Care', 'Other']"
2023-06-08 17:42:23,58,Prefer not to say,Once a week,Groceries and Gourmet Food;Home and Kitchen;others,Yes,Few times a month,Keyword Search,First page,1,Yes,Always,Found a better price elsewhere,Always,Yes,Never,Sometimes,2,No,1,2,Quick delivery,better app interface and lower shipping charges,823667,"['Groceries and Gourmet Food', 'Home and Kitchen', 'Other']"
2023-06-09 16:29:23,3,Female,Once a month,Groceries and Gourmet Food;Clothing and Fashion;others,Yes,Rarely,Category Browsing,First page,3,No,Always,Changed my mind or no longer need the item,Often,No,Never,No,3,Yes,1,3,Customer service,Scrolling option would be much better than going to next page,876223,"['Groceries and Gourmet Food', 'Clothing and Fashion', 'Other']"
2023-06-07 23:10:09,60,Prefer not to say,Once a month,Clothing and Fashion;others,Sometimes,Multiple times a day,Category Browsing,Multiple pages,4,Yes,Never,Changed my mind or no longer need the item,Never,No,Moderately,Sometimes,2,Yes,3,5,Competitive prices,No problems with Amazon,420509,"['Clothing and Fashion', 'Other']"
2023-06-07 22:39:21,17,Male,Once a month,others,Yes,Multiple times a day,Category Browsing,Multiple pages,3,Yes,Rarely,Changed my mind or no longer need the item,Often,Yes,Never,Yes,3,Sometimes,1,3,Customer service,Nothing,283016,['Other']
2023-06-09 09:35:19,9,Male,Once a month,Groceries and Gourmet Food;Clothing and Fashion;Home and Kitchen,No,Rarely,Category Browsing,First page,5,No,Often,Changed my mind or no longer need the item,Often,No,Moderately,Yes,1,Sometimes,5,5,All the above,Add more familiar brands to the list,168397,"['Groceries and Gourmet Food', 'Clothing and Fashion', 'Home and Kitchen']"
2023-06-06 20:56:17,5,Prefer not to say,Few times a month,Beauty and Personal Care;Clothing and Fashion;others,Sometimes,Few times a month,Category Browsing,First page,4,No,Always,Other,Never,No,Occasionally,Sometimes,5,Yes,3,1,Wide product selection,I have no problem with Amazon yet. But others tell me about the refund issues,786717,"['Beauty and Personal Care', 'Clothing and Fashion', 'Other']"
2023-06-09 09:31:57,67,Female,Multiple times a week,Beauty and Personal Care;others,Sometimes,Few times a month,Other,Multiple pages,1,No,Sometimes,Changed my mind or no longer need the item,Rarely,No,Heavily,Yes,3,Sometimes,3,4,Customer service,User interface,988894,"['Beauty and Personal Care', 'Other']"
2023-06-08 18:00:20,49,Female,Once a month,Beauty and Personal Care;Clothing and Fashion;Home and Kitchen,Yes,Rarely,Keyword Search,First page,2,Yes,Rarely,Changed my mind or no longer need the item,Never,No,Rarely,Sometimes,2,Yes,4,5,Competitive prices,Not specified,469219,"['Beauty and Personal Care', 'Clothing and Fashion', 'Home and Kitchen']"
2023-06-07 22:39:21,31,Female,Multiple times a week,Groceries and Gourmet Food;Beauty and Personal Care;Clothing and Fashion,Yes,Few times a week,Category Browsing,First page,4,Yes,Sometimes,Changed my mind or no longer need the item,Often,No,Moderately,Yes,2,Yes,4,3,Not specified,No problems with Amazon,806724,"['Groceries and Gourmet Food', 'Beauty and Personal Care', 'Clothing and Fashion']"
2023-06-05 00:05:20,15,Other,Multiple times a week,Clothing and Fashion;Home and Kitchen;others,No,Few times a week,Filter,Multiple pages,2,Maybe,Sometimes,Other,Sometimes,No,Rarely,Yes,1,Yes,1,1,User-friendly website/app interface,UI,458404,"['Clothing and Fashion', 'Home and Kitchen', 'Other']"
2023-06-07 21:18:55,61,Other,Few times a month,Groceries and Gourmet Food;Clothing and Fashion;Home and Kitchen;others,Sometimes,Multiple times a day,Category Browsing,Multiple pages,4,Maybe,Sometimes,Changed my mind or no longer need the item,Rarely,Yes,Rarely,Yes,4,Yes,5,4,Product recommendations,Shipping speed and reliability,895165,"['Groceries and Gourmet Food', 'Clothing and Fashion', 'Home and Kitchen', 'Other']"
2023-06-08 17:08:27,38,Prefer not to say,Once a week,Groceries and Gourmet Food;Clothing and Fashion,Yes,Rarely,Other,First page,5,Yes,Sometimes,Other,Sometimes,Yes,Never,Sometimes,3,No,1,1,Not specified,User interface,845762,"['Groceries and Gourmet Food', 'Clothing and Fashion']"
2023-06-09 15:24:36,40,Female,Few times a month,Groceries and Gourmet Food;Home and Kitchen;others,Sometimes,Few times a month,Other,First page,3,Maybe,Always,High shipping costs,Sometimes,Yes,Rarely,Yes,5,Yes,4,1,Wide product selection,Reducing packaging waste,743851,"['Groceries and Gourmet Food', 'Home and Kitchen', 'Other']"
2023-06-11 22:42:48,33,Male,Less than once a month,Groceries and Gourmet Food;Beauty and Personal Care,Sometimes,Few times a month,Not specified,First page,4,Yes,Never,Changed my mind or no longer need the item,Never,Yes,Heavily,Yes,1,Sometimes,4,3,Quick delivery,Not specified,858484,"['Groceries and Gourmet Food', 'Beauty and Personal Care']"
2023-06-05 04:26:25,58,Prefer not to say,Multiple times a week,Beauty and Personal Care;others,Yes,Rarely,Category Browsing,First page,2,Maybe,Always,Changed my mind or no longer need the item,Sometimes,No,Rarely,Yes,1,Sometimes,2,1,Customer service,Nil,719456,"['Beauty and Personal Care', 'Other']"
2023-06-06 18:44:50,3,Prefer not to say,Once a month,Clothing and Fashion;Home and Kitchen;others,Yes,Rarely,Not specified,Multiple pages,5,Yes,Rarely,Other,Often,Yes,Occasionally,Sometimes,4,Yes,4,4,User-friendly website/app interface,Shipping speed and reliability,314230,"['Clothing and Fashion', 'Home and Kitchen', 'Other']"
2023-06-09 10:26:26,29,Female,Multiple times a week,Beauty and Personal Care;Clothing and Fashion;others,Sometimes,Multiple times a day,Other,Multiple pages,1,No,Often,Found a better price elsewhere,Never,No,Rarely,Yes,4,Yes,5,2,All the above,Nil,179677,"['Beauty and Personal Care', 'Clothing and Fashion', 'Other']"
2023-06-07 18:30:43,13,Male,Few times a month,Groceries and Gourmet Food;Beauty and Personal Care;others,Sometimes,Few times a week,Category Browsing,Multiple pages,2,Yes,Rarely,Changed my mind or no longer need the item,Never,No,Moderately,No,2,Yes,5,3,Not specified,Reducing packaging waste,114920,"['Groceries and Gourmet Food', 'Beauty and Personal Care', 'Other']"
2023-06-08 03:24:37,28,Prefer not to say,Once a week,Beauty and Personal Care;Clothing and Fashion;Home and Kitchen,Yes,Rarely,Category Browsing,First page,3,Maybe,Sometimes,Found a better price elsewhere,Always,Yes,Occasionally,No,5,No,5,2,Product recommendations,Shipping speed and reliability,745511,"['Beauty and Personal Care', 'Clothing and Fashion', 'Home and Kitchen']"
2023-06-07 12:13:39,37,Prefer not to say,Multiple times a week,Beauty and Personal Care;Home and Kitchen,Sometimes,Multiple times a day,Filter,Multiple pages,4,No,Often,Other,Rarely,No,Occasionally,Sometimes,3,Sometimes,2,5,Wide product selection,Product quality and accuracy,353679,"['Beauty and Personal Care', 'Home and Kitchen']"
2023-06-05 13:28:44,37,Female,Few times a month,Groceries and Gourmet Food;Clothing and Fashion;Home and Kitchen;others,Yes,Multiple times a day,Keyword Search,Multiple pages,2,Maybe,Sometimes,Found a better price elsewhere,Never,No,Moderately,Sometimes,4,Yes,2,2,Customer service,Nothing,458183,"['Groceries and Gourmet Food', 'Clothing and Fashion', 'Home and Kitchen', 'Other']"
2023-06-05 00:39:14,11,Male,Few times a month,Beauty and Personal Care;Clothing and Fashion,Yes,Rarely,Not specified,Multiple pages,2,Maybe,Never,Found a better price elsewhere,Sometimes,Yes,Heavily,No,1,Sometimes,1,5,User-friendly website/app interface,Nil,612764,"['Beauty and Personal Care', 'Clothing and Fashion']"
2023-06-07 12:29:31,21,Prefer not to say,Once a month,Groceries and Gourmet Food;Beauty and Personal Care;Clothing and Fashion;Home and Kitchen;others,Sometimes,Multiple times a day,Keyword Search,First page,3,Maybe,Rarely,Other,Rarely,Yes,Rarely,No,2,Yes,4,4,User-friendly website/app interface,Scrolling option would be much better than going to next page,963588,"['Groceries and Gourmet Food', 'Beauty and Personal Care', 'Clothing and Fashion', 'Home and Kitchen', 'Other']"
2023-06-06 18:38:49,13,Prefer not to say,Multiple times a week,Beauty and Personal Care;Clothing and Fashion;Home and Kitchen;others,Yes,Few times a month,Not specified,First page,4,Yes,Never,Changed my mind or no longer need the item,Rarely,No,Moderately,Sometimes,3,Sometimes,4,1,Customer service,Quality of product is very poor according to the big offers,544092,"['Beauty and Personal Care', 'Clothing and Fashion', 'Home and Kitchen', 'Other']"
2023-06-06 19:23:25,26,Male,Few times a month,Groceries and Gourmet Food;Beauty and Personal Care;Clothing and Fashion,Sometimes,Rarely,Other,Multiple pages,2,Yes,Rarely,Changed my mind or no longer need the item,Never,Yes,Moderately,Yes,1,Sometimes,3,5,Quick delivery,Customer service responsiveness,750408,"['Groceries and Gourmet Food', 'Beauty and Personal Care', 'Clothing and Fashion']"
2023-06-05 14:21:37,56,Prefer not to say,Less than once a month,Groceries and Gourmet Food;Clothing and Fashion;others,Sometimes,Multiple times a day,Not specified,First page,5,Maybe,Sometimes,Changed my mind or no longer need the item,Sometimes,No,Rarely,Sometimes,4,Yes,4,4,Product recommendations,Irrelevant product suggestions,153157,"['Groceries and Gourmet Food', 'Clothing and Fashion', 'Other']"
2023-06-07 11:48:25,32,Prefer not to say,Few times a month,Clothing and Fashion;others,Sometimes,Multiple times a day,Not specified,Multiple pages,2,Maybe,Sometimes,High shipping costs,Rarely,No,Occasionally,Yes,4,Yes,3,3,Customer service,Add more familiar brands to the list,460334,"['Clothing and Fashion', 'Other']"
2023-06-05 10:36:38,18,Male,Multiple times a week,Groceries and Gourmet Food;Beauty and Personal Care;Clothing and Fashion,No,Rarely,Keyword Search,First page,5,Yes,Always,Changed my mind or no longer need the item,Sometimes,Yes,Moderately,Sometimes,4,Sometimes,1,4,Wide product selection,Not specified,931163,"['Groceries and Gourmet Food', 'Beauty and Personal Care', 'Clothing and Fashion']"
2023-06-08 03:28:23,55,Prefer not to say,Multiple times a week,Home and Kitchen;others,Sometimes,Multiple times a day,Other,First page,1,No,Always,Found a better price elsewhere,Rarely,Yes,Moderately,No,3,No,4,2,Customer service,User interface of app,993046,"['Home and Kitchen', 'Other']"
2023-06-09 19:24:06,15,Other,Less than once a month,Clothing and Fashion,No,Few times a week,Other,Multiple pages,2,Yes,Always,Found a better price elsewhere,Always,Yes,Rarely,No,4,No,1,4,Customer service,Irrelevant product suggestions,927319,['Clothing and Fashion']
2023-06-11 14:07:39,60,Prefer not to say,Multiple times a week,Clothing and Fashion;Home and Kitchen;others,Yes,Multiple times a day,Filter,Multiple pages,2,Maybe,Rarely,Other,Often,Yes,Rarely,Yes,4,No,5,2,All the above,Nil,242428,"['Clothing and Fashion', 'Home and Kitchen', 'Other']"
2023-06-06 20:57:23,50,Male,Few times a month,Beauty and Personal Care;Clothing and Fashion;others,No,Rarely,Keyword Search,First page,1,Yes,Often,Found a better price elsewhere,Rarely,Yes,Moderately,Sometimes,2,Yes,1,5,Product recommendations,better app interface and lower shipping charges,870136,"['Beauty and Personal Care', 'Clothing and Fashion', 'Other']"
2023-06-08 17:34:27,45,Female,Multiple times a week,Beauty and Personal Care;Clothing and Fashion;Home and Kitchen;others,No,Multiple times a day,Keyword Search,Multiple pages,5,No,Always,Found a better price elsewhere,Often,Yes,Never,Sometimes,5,Yes,3,3,Wide product selection,Scrolling option would be much better than going to next page,366350,"['Beauty and Personal Care', 'Clothing and Fashion', 'Home and Kitchen', 'Other']"
2023-06-11 23:15:03,63,Male,Less than once a month,Groceries and Gourmet Food;Beauty and Personal Care;Clothing and Fashion;Home and Kitchen,No,Few times a week,Other,Multiple pages,5,Maybe,Sometimes,Changed my mind or no longer need the item,Sometimes,No,Occasionally,Sometimes,4,No,4,4,Wide product selection,Irrelevant product suggestions,894848,"['Groceries and Gourmet Food', 'Beauty and Personal Care', 'Clothing and Fashion', 'Home and Kitchen']"
2023-06-10 10:49:42,42,Female,Once a month,Groceries and Gourmet Food;Clothing and Fashion;Home and Kitchen;others,No,Rarely,Not specified,First page,5,Maybe,Sometimes,Found a better price elsewhere,Sometimes,No,Moderately,Sometimes,1,Sometimes,3,5,Customer service,Customer service responsiveness,265058,"['Groceries and Gourmet Food', 'Clothing and Fashion', 'Home and Kitchen', 'Other']"
2023-06-07 06:09:58,55,Male,Few times a month,Beauty and Personal Care;others,Yes,Multiple times a day,Keyword Search,Multiple pages,5,Yes,Sometimes,Found a better price elsewhere,Sometimes,Yes,Never,No,4,Sometimes,2,2,User-friendly website/app interface,User interface of app,290761,"['Beauty and Personal Care', 'Other']"
2023-06-06 11:20:53,65,Male,Multiple times a week,others,Yes,Multiple times a day,Category Browsing,Multiple pages,5,No,Never,Changed my mind or no longer need the item,Always,Yes,Heavily,Sometimes,4,Yes,1,4,Competitive prices,Customer service responsiveness,688605,['Other']
2023-06-04 22:37:00,48,Female,Less than once a month,Beauty and Personal Care;Home and Kitchen,No,Multiple times a day,Keyword Search,First page,4,Yes,Always,Found a better price elsewhere,Never,No,Occasionally,No,5,Sometimes,4,5,Quick delivery,Nothing,267363,"['Beauty and Personal Care', 'Home and Kitchen']"
2023-06-07 14:11:50,45,Prefer not to say,Once a month,Beauty and Personal Care,No,Few times a month,Filter,Multiple pages,2,Yes,Sometimes,High shipping costs,Rarely,Yes,Rarely,No,2,Yes,5,1,User-friendly website/app interface,Product quality and accuracy,342923,['Beauty and Personal Care']
2023-06-07 14:09:49,29,Female,Multiple times a week,Groceries and Gourmet Food;Beauty and Personal Care;Home and Kitchen,Sometimes,Few times a month,Keyword Search,First page,1,Maybe,Sometimes,Changed my mind or no longer need the item,Sometimes,Yes,Rarely,No,3,Yes,1,1,Wide product selection,User interface of app,453643,"['Groceries and Gourmet Food', 'Beauty and Personal Care', 'Home and Kitchen']"
2023-06-12 15:54:44,8,Female,Less than once a month,Groceries and Gourmet Food;Clothing and Fashion,Yes,Few times a week,Category Browsing,Multiple pages,3,Maybe,Sometimes,Found a better price elsewhere,Rarely,Yes,Occasionally,No,2,Yes,5,4,Customer service,Irrelevant product suggestions,305111,"['Groceries and Gourmet Food', 'Clothing and Fashion']"
2023-06-06 18:45:07,16,Prefer not to say,Less than once a month,Clothing and Fashion;others,Yes,Rarely,Not specified,First page,2,No,Rarely,Found a better price elsewhere,Sometimes,No,Never,No,4,Sometimes,4,3,User-friendly website/app interface,UI,680550,"['Clothing and Fashion', 'Other']"
2023-06-07 16:46:12,19,Other,Few times a month,Groceries and Gourmet Food;Beauty and Personal Care;Clothing and Fashion;Home and Kitchen,Yes,Few times a month,Filter,Multiple pages,3,Maybe,Never,High shipping costs,Always,No,Never,No,2,Sometimes,5,2,Product recommendations,Add more familiar brands to the list,797553,"['Groceries and Gourmet Food', 'Beauty and Personal Care', 'Clothing and Fashion', 'Home and Kitchen']"
2023-06-05 22:06:15,29,Other,Once a month,Beauty and Personal Care,Sometimes,Rarely,Category Browsing,First page,2,Maybe,Sometimes,Changed my mind or no longer need the item,Rarely,Yes,Rarely,Yes,3,Sometimes,4,3,Competitive prices,Not specified,784195,['Beauty and Personal Care']
2023-06-08 21:17:38,67,Prefer not to say,Once a month,Groceries and Gourmet Food;Home and Kitchen;others,Sometimes,Multiple times a day,Not specified,First page,4,No,Sometimes,Found a better price elsewhere,Often,Yes,Never,No,2,Sometimes,1,3,Quick delivery,Not specified,658490,"['Groceries and Gourmet Food', 'Home and Kitchen', 'Other']"
2023-06-08 17:23:08,44,Other,Few times a month,Clothing and Fashion;others,No,Multiple times a day,Not specified,Multiple pages,4,Maybe,Often,Changed my mind or no longer need the item,Always,No,Heavily,No,1,Yes,5,1,Quick delivery,Nil,739488,"['Clothing and Fashion', 'Other']"
2023-06-04 23:27:53,10,Other,Less than once a month,Beauty and Personal Care;Clothing and Fashion;Home and Kitchen,Sometimes,Multiple times a day,Other,Multiple pages,3,Maybe,Often,High shipping costs,Sometimes,No,Occasionally,Yes,3,Sometimes,1,4,Wide product selection,Customer service responsiveness,507435,"['Beauty and Personal Care', 'Clothing and Fashion', 'Home and Kitchen']"
2023-06-07 13:25:26,35,Other,Once a month,Groceries and Gourmet Food;Clothing and Fashion;others,Yes,Rarely,Keyword Search,First page,2,Yes,Never,High shipping costs,Sometimes,No,Rarely,No,2,Sometimes,4,5,All the above,No problems with Amazon,575640,"['Groceries and Gourmet Food', 'Clothing and Fashion', 'Other']"
2023-06-11 09:31:41,52,Other,Multiple times a week,Groceries and Gourmet Food;Beauty and Personal Care;others,No,Rarely,Other,First page,1,Yes,Rarely,High shipping costs,Sometimes,No,Moderately,Yes,5,Yes,5,1,All the above,Customer service responsiveness,451463,"['Groceries and Gourmet Food', 'Beauty and Personal Care', 'Other']"
2023-06-07 21:18:55,63,Prefer not to say,Once a week,Groceries and Gourmet Food;Beauty and Personal Care;others,Sometimes,Few times a week,Filter,First page,5,Yes,Never,High shipping costs,Rarely,No,Heavily,No,2,No,2,5,Competitive prices,Reducing packaging waste,565915,"['Groceries and Gourmet Food', 'Beauty and Personal Care', 'Other']"
2023-06-07 16:10:33,36,Prefer not to say,Once a month,Groceries and Gourmet Food;Beauty and Personal Care;Clothing and Fashion;others,No,Few times a week,Category Browsing,First page,3,Maybe,Sometimes,High shipping costs,Never,Yes,Heavily,Sometimes,4,No,4,1,Not specified,Scrolling option would be much better than going to next page,991516,"['Groceries and Gourmet Food', 'Beauty and Personal Care', 'Clothing and Fashion', 'Other']"
2023-06-05 09:20:17,39,Female,Less than once a month,Beauty and Personal Care;Clothing and Fashion;Home and Kitchen;others,No,Multiple times a day,Keyword Search,Multiple pages,2,No,Sometimes,Found a better price elsewhere,Often,No,Heavily,No,1,Yes,2,3,Quick delivery,Nil,540446,"['Beauty and Personal Care', 'Clothing and Fashion', 'Home and Kitchen', 'Other']"
2023-06-12 16:02:02,15,Prefer not to say,Once a month,Beauty and Personal Care;Clothing and Fashion;Home and Kitchen,No,Few times a week,Filter,First page,2,Maybe,Rarely,Other,Never,Yes,Rarely,Yes,5,Yes,1,4,Product recommendations,I don't have any problem with Amazon,186046,"['Beauty and Personal Care', 'Clothing and Fashion', 'Home and Kitchen']"
2023-06-08 03:29:26,11,Male,Few times a month,Groceries and Gourmet Food;Beauty and Personal Care;Home and Kitchen,Yes,Few times a month,Filter,First page,5,No,Sometimes,Changed my mind or no longer need the item,Rarely,No,Rarely,Yes,1,No,1,2,Product recommendations,Scrolling option would be much better than going to next page,328440,"['Groceries and Gourmet Food', 'Beauty and Personal Care', 'Home and Kitchen']"
2023-06-09 16:30:15,60,Female,Once a month,Groceries and Gourmet Food;Home and Kitchen,No,Multiple times a day,Not specified,First page,1,Maybe,Rarely,High shipping costs,Always,No,Heavily,No,3,Yes,3,3,Competitive prices,Reducing packaging waste,545745,"['Groceries and Gourmet Food', 'Home and Kitchen']"
2023-06-06 18:33:23,20,Female,Once a month,Groceries and Gourmet Food;Home and Kitchen,No,Multiple times a day,Not specified,First page,1,Yes,Rarely,High shipping costs,Never,No,Heavily,Sometimes,4,No,3,5,Not specified,Quality of product is very poor according to the big offers,725410,"['Groceries and Gourmet Food', 'Home and Kitchen']"
2023-06-06 18:32:00,18,Other,Multiple times a week,Home and Kitchen,No,Few times a month,Keyword Search,Multiple pages,2,No,Never,Changed my mind or no longer need the item,Never,No,Occasionally,No,3,Yes,1,3,Product recommendations,Nil,679841,['Home and Kitchen']
2023-06-07 11:41:56,51,Female,Once a week,Beauty and Personal Care;Clothing and Fashion;others,Sometimes,Rarely,Category Browsing,Multiple pages,5,Maybe,Never,Changed my mind or no longer need the item,Always,Yes,Never,Sometimes,1,Yes,3,1,Customer service,No problems with Amazon,818624,"['Beauty and Personal Care', 'Clothing and Fashion', 'Other']"
2023-06-08 03:23:58,53,Female,Few times a month,Clothing and Fashion;Home and Kitchen,Sometimes,Multiple times a day,Other,First page,3,Yes,Rarely,Found a better price elsewhere,Sometimes,No,Occasionally,No,2,No,3,1,User-friendly website/app interface,Quality of product is very poor according to the big offers,660877,"['Clothing and Fashion', 'Home and Kitchen']"
2023-06-08 17:06:30,67,Other,Once a month,Home and Kitchen;others,Yes,Few times a week,Filter,First page,4,Yes,Never,Found a better price elsewhere,Often,Yes,Heavily,Sometimes,2,Sometimes,5,2,Customer service,Product quality and accuracy,771708,"['Home and Kitchen', 'Other']"
2023-06-07 13:25:26,40,Prefer not to say,Once a week,Groceries and Gourmet Food;Home and Kitchen,Yes,Multiple times a day,Not specified,Multiple pages,4,Maybe,Sometimes,Found a better price elsewhere,Always,Yes,Moderately,Sometimes,4,Yes,3,2,Wide product selection,User interface of app,837191,"['Groceries and Gourmet Food', 'Home and Kitchen']"
2023-06-05 00:36:02,17,Other,Multiple times a week,Groceries and Gourmet Food;Beauty and Personal Care;Home and Kitchen,Sometimes,Few times a month,Filter,Multiple pages,4,Yes,Sometimes,Other,Never,No,Rarely,No,1,Sometimes,4,1,User-friendly website/app interface,Not specified,502386,"['Groceries and Gourmet Food', 'Beauty and Personal Care', 'Home and Kitchen']"
2023-06-08 17:07:35,55,Prefer not to say,Few times a month,Beauty and Personal Care;Clothing and Fashion,No,Few times a month,Keyword Search,First page,1,No,Sometimes,Changed my mind or no longer need the item,Sometimes,Yes,Rarely,Sometimes,4,No,5,1,Competitive prices,Quality of product is very poor according to the big offers,850593,"['Beauty and Personal Care', 'Clothing and Fashion']"
2023-06-05 11:54:52,67,Prefer not to say,Multiple times a week,Beauty and Personal Care;Home and Kitchen,Yes,Few times a month,Other,Multiple pages,5,No,Always,High shipping costs,Never,Yes,Heavily,Sometimes,4,No,5,2,Quick delivery,Nothing,154194,"['Beauty and Personal Care', 'Home and Kitchen']"
2023-06-09 09:31:57,11,Prefer not to say,Multiple times a week,Beauty and Personal Care;Clothing and Fashion,Sometimes,Few times a month,Category Browsing,First page,4,Maybe,Never,High shipping costs,Sometimes,Yes,Moderately,Sometimes,2,No,3,4,Wide product selection,Not specified,957690,"['Beauty and Personal Care', 'Clothing and Fashion']"
2023-06-09 10:58:44,47,Other,Multiple times a week,Groceries and Gourmet Food;Clothing and Fashion,No,Few times a week,Filter,First page,3,Yes,Sometimes,High shipping costs,Never,No,Occasionally,Yes,3,Yes,4,2,Wide product selection,Reducing packaging waste,955038,"['Groceries and Gourmet Food', 'Clothing and Fashion']"
2023-06-06 19:18:01,17,Male,Less than once a month,Groceries and Gourmet Food;Clothing and Fashion,No,Few times a month,Not specified,Multiple pages,1,No,Often,Other,Often,Yes,Rarely,Sometimes,1,Sometimes,5,3,Wide product selection,Scrolling option would be much better than going to next page,890872,"['Groceries and Gourmet Food', 'Clothing and Fashion']"
2023-06-08 17:43:45,40,Other,Few times a month,Clothing and Fashion;Home and Kitchen,Yes,Rarely,Other,First page,2,Maybe,Sometimes,High shipping costs,Sometimes,No,Never,Sometimes,5,Yes,5,2,Competitive prices,Reducing packaging waste,880702,"['Clothing and Fashion', 'Home and Kitchen']"
2023-06-11 22:57:34,25,Prefer not to say,Multiple times a week,Groceries and Gourmet Food;Beauty and Personal Care;others,Yes,Rarely,Keyword Search,First page,2,No,Rarely,Changed my mind or no longer need the item,Always,Yes,Heavily,Yes,3,No,2,3,Product recommendations,Add more familiar brands to the list,470712,"['Groceries and Gourmet Food', 'Beauty and Personal Care', 'Other']"
2023-06-09 10:58:13,17,Male,Once a month,Clothing and Fashion;Home and Kitchen,Sometimes,Few times a week,Keyword Search,Multiple pages,3,No,Rarely,Other,Always,Yes,Rarely,No,4,Sometimes,4,2,Not specified,Scrolling option would be much better than going to next page,159983,"['Clothing and Fashion', 'Home and Kitchen']"
2023-06-07 18:30:43,16,Prefer not to say,Once a month,Groceries and Gourmet Food,Yes,Few times a week,Not specified,Multiple pages,2,No,Often,Found a better price elsewhere,Often,Yes,Never,No,5,Yes,2,2,Customer service,I have no problem with Amazon yet. But others tell me about the refund issues,834597,['Groceries and Gourmet Food']
2023-06-09 10:28:57,8,Other,Few times a month,Beauty and Personal Care;Clothing and Fashion;Home and Kitchen;others,Sometimes,Few times a month,Keyword Search,First page,3,No,Sometimes,Other,Often,No,Never,No,3,No,5,1,Customer service,I don't have any problem with Amazon,708679,"['Beauty and Personal Care', 'Clothing and Fashion', 'Home and Kitchen', 'Other']"
2023-06-08 21:40:24,51,Prefer not to say,Less than once a month,Groceries and Gourmet Food;Beauty and Personal Care,Yes,Few times a week,Keyword Search,Multiple pages,4,Yes,Sometimes,Changed my mind or no longer need the item,Never,Yes,Occasionally,No,3,Sometimes,3,3,Customer service,User interface of app,751973,"['Groceries and Gourmet Food', 'Beauty and Personal Care']"
2023-06-09 14:51:07,67,Other,Multiple times a week,Beauty and Personal Care;Clothing and Fashion,Yes,Rarely,Category Browsing,Multiple pages,2,No,Never,Found a better price elsewhere,Never,Yes,Rarely,No,5,Sometimes,1,1,Quick delivery,User interface,342559,"['Beauty and Personal Care', 'Clothing and Fashion']"
2023-06-04 18:31:41,29,Male,Once a month,Clothing and Fashion;Home and Kitchen,Yes,Rarely,Filter,First page,1,Maybe,Sometimes,High shipping costs,Sometimes,No,Heavily,Yes,5,No,5,2,User-friendly website/app interface,Add more familiar brands to the list,299929,"['Clothing and Fashion', 'Home and Kitchen']"
2023-06-05 00:05:20,60,Female,Few times a month,Groceries and Gourmet Food;Beauty and Personal Care;Clothing and Fashion,Sometimes,Multiple times a day,Other,Multiple pages,5,Maybe,Rarely,Other,Sometimes,No,Moderately,No,1,No,2,3,Competitive prices,Nil,190661,"['Groceries and Gourmet Food', 'Beauty and Personal Care', 'Clothing and Fashion']"
2023-06-09 15:24:36,22,Other,Once a week,Home and Kitchen,Sometimes,Few times a month,Other,Multiple pages,2,No,Never,High shipping costs,Rarely,No,Never,Yes,3,No,2,4,Competitive prices,Irrelevant product suggestions,556093,['Home and Kitchen']
2023-06-07 09:32:38,43,Other,Once a month,Beauty and Personal Care;Clothing and Fashion;Home and Kitchen,Sometimes,Few times a week,Filter,Multiple pages,1,Yes,Often,Other,Rarely,No,Heavily,Yes,2,No,4,2,Customer service,User interface,668260,"['Beauty and Personal Care', 'Clothing and Fashion', 'Home and Kitchen']"
2023-06-11 22:43:19,47,Other,Few times a month,Beauty and Personal Care;Clothing and Fashion,Sometimes,Few times a week,Keyword Search,Multiple pages,4,No,Often,Found a better price elsewhere,Sometimes,Yes,Never,Yes,3,Yes,3,3,Product recommendations,Product quality and accuracy,102172,"['Beauty and Personal Care', 'Clothing and Fashion']"
2023-06-08 03:29:26,47,Female,Less than once a month,Clothing and Fashion,Yes,Multiple times a day,Not specified,First page,5,Yes,Always,High shipping costs,Never,Yes,Heavily,Sometimes,2,No,4,4,User-friendly website/app interface,I don't have any problem with Amazon,421355,['Clothing and Fashion']
2023-06-06 19:10:14,46,Other,Once a month,Groceries and Gourmet Food;Home and Kitchen;others,Sometimes,Multiple times a day,Keyword Search,First page,5,No,Rarely,Other,Always,Yes,Moderately,Sometimes,3,No,4,1,All the above,Irrelevant product suggestions,720260,"['Groceries and Gourmet Food', 'Home and Kitchen', 'Other']"
2023-06-05 00:05:20,43,Male,Multiple times a week,Beauty and Personal Care;Home and Kitchen;others,No,Rarely,Other,First page,1,Maybe,Often,High shipping costs,Rarely,Yes,Occasionally,Sometimes,4,No,3,3,Wide product selection,Scrolling option would be much better than going to next page,777634,"['Beauty and Personal Care', 'Home and Kitchen', 'Other']"
2023-06-09 19:24:06,64,Male,Once a month,Groceries and Gourmet Food;Home and Kitchen,Yes,Multiple times a day,Filter,First page,4,No,Always,Found a better price elsewhere,Never,No,Never,Yes,4,No,2,4,Quick delivery,better app interface and lower shipping charges,545801,"['Groceries and Gourmet Food', 'Home and Kitchen']"
2023-06-09 09:37:44,4,Male,Less than once a month,Clothing and Fashion;Home and Kitchen;others,Sometimes,Few times a week,Other,Multiple pages,2,Maybe,Always,Found a better price elsewhere,Sometimes,No,Moderately,No,5,Yes,1,3,User-friendly website/app interface,Reducing packaging waste,537502,"['Clothing and Fashion', 'Home and Kitchen', 'Other']"
2023-06-07 12:13:39,19,Male,Multiple times a week,Groceries and Gourmet Food;Clothing and Fashion;Home and Kitchen,Sometimes,Few times a month,Keyword Search,Multiple pages,3,Yes,Rarely,Found a better price elsewhere,Rarely,No,Moderately,Sometimes,4,Sometimes,4,1,Competitive prices,Add more familiar brands to the list,312813,"['Groceries and Gourmet Food', 'Clothing and Fashion', 'Home and Kitchen']"
2023-06-11 14:07:39,60,Male,Less than once a month,Groceries and Gourmet Food;Beauty and Personal Care;Clothing and Fashion;Home and Kitchen,Sometimes,Multiple times a day,Other,First page,5,Yes,Sometimes,Changed my mind or no longer need the item,Sometimes,Yes,Rarely,Sometimes,3,Sometimes,4,2,Customer service,Nothing,526649,"['Groceries and Gourmet Food', 'Beauty and Personal Care', 'Clothing and Fashion', 'Home and Kitchen']"
2023-06-09 19:22:11,56,Female,Multiple times a week,Beauty and Personal Care;Clothing and Fashion;Home and Kitchen;others,Yes,Rarely,Not specified,Multiple pages,3,Maybe,Often,Changed my mind or no longer need the item,Sometimes,Yes,Occasionally,Yes,4,Sometimes,4,4,Customer service,Not specified,524319,"['Beauty and Personal Care', 'Clothing and Fashion', 'Home and Kitchen', 'Other']"
2023-06-12 15:47:01,48,Female,Multiple times a week,Groceries and Gourmet Food,Sometimes,Multiple times a day,Other,Multiple pages,5,Yes,Often,Other,Often,Yes,Heavily,Yes,5,Yes,2,4,Wide product selection,Product quality and accuracy,637762,['Groceries and Gourmet Food']
2023-06-06 18:51:13,40,Male,Multiple times a week,Groceries and Gourmet Food;Beauty and Personal Care;Clothing and Fashion;Home and Kitchen,No,Few times a month,Keyword Search,Multiple pages,2,No,Always,Other,Often,No,Occasionally,No,4,Sometimes,4,3,Quick delivery,Nil,290410,"['Groceries and Gourmet Food', 'Beauty and Personal Care', 'Clothing and Fashion', 'Home and Kitchen']"
2023-06-09 10:26:51,67,Other,Multiple times a week,Clothing and Fashion;Home and Kitchen,Sometimes,Multiple times a day,Keyword Search,First page,2,Yes,Sometimes,Other,Often,Yes,Occasionally,Sometimes,1,Sometimes,3,2,All the above,Irrelevant product suggestions,867703,"['Clothing and Fashion', 'Home and Kitchen']"
